"Year","cbns","threshold","retirees","prop"
1969,29,-1,32,0.90625
1970,25,-1,35,0.714285714285714
1971,34,-1,44,0.772727272727273
1972,36,-1,49,0.73469387755102
1973,32,-1,41,0.780487804878049
1974,35,-1,45,0.777777777777778
1975,30,-1,36,0.833333333333333
1976,26,-1,33,0.787878787878788
1977,38,-1,55,0.690909090909091
1978,23,-1,35,0.657142857142857
1979,31,-1,42,0.738095238095238
1980,35,-1,45,0.777777777777778
1981,25,-1,37,0.675675675675676
1982,26,-1,38,0.684210526315789
1983,27,-1,35,0.771428571428571
1984,32,-1,41,0.780487804878049
1985,42,-1,55,0.763636363636364
1986,34,-1,47,0.723404255319149
1987,28,-1,36,0.777777777777778
1988,28,-1,36,0.777777777777778
1989,33,-1,46,0.717391304347826
1990,40,-1,51,0.784313725490196
1991,35,-1,43,0.813953488372093
1992,37,-1,45,0.822222222222222
1993,35,-1,44,0.795454545454545
1994,30,-1,38,0.789473684210526
1995,38,-1,47,0.808510638297872
1996,28,-1,38,0.736842105263158
1997,26,-1,36,0.722222222222222
1998,34,-1,52,0.653846153846154
1999,39,-1,49,0.795918367346939
2000,38,-1,52,0.730769230769231
2001,52,-1,67,0.776119402985075
2002,37,-1,46,0.804347826086957
2003,33,-1,44,0.75
2004,27,-1,49,0.551020408163265
2005,33,-1,44,0.75
2006,37,-1,50,0.74
2007,47,-1,65,0.723076923076923
2008,47,-1,53,0.886792452830189
2009,32,-1,48,0.666666666666667
2010,36,-1,51,0.705882352941177
2011,44,-1,58,0.758620689655172
2012,39,-1,56,0.696428571428571
2013,36,-1,57,0.631578947368421
2014,37,-1,57,0.649122807017544
2015,43,-1,58,0.741379310344828
2016,39,-1,60,0.65
2017,48,-1,69,0.695652173913043
2018,48,-1,62,0.774193548387097
1969,25,-0.95,32,0.78125
1970,25,-0.95,35,0.714285714285714
1971,34,-0.95,44,0.772727272727273
1972,34,-0.95,49,0.693877551020408
1973,32,-0.95,41,0.780487804878049
1974,32,-0.95,45,0.711111111111111
1975,27,-0.95,36,0.75
1976,25,-0.95,33,0.757575757575758
1977,37,-0.95,55,0.672727272727273
1978,20,-0.95,35,0.571428571428571
1979,26,-0.95,42,0.619047619047619
1980,31,-0.95,45,0.688888888888889
1981,24,-0.95,37,0.648648648648649
1982,23,-0.95,38,0.605263157894737
1983,24,-0.95,35,0.685714285714286
1984,32,-0.95,41,0.780487804878049
1985,41,-0.95,55,0.745454545454545
1986,33,-0.95,47,0.702127659574468
1987,24,-0.95,36,0.666666666666667
1988,28,-0.95,36,0.777777777777778
1989,33,-0.95,46,0.717391304347826
1990,35,-0.95,51,0.686274509803922
1991,33,-0.95,43,0.767441860465116
1992,37,-0.95,45,0.822222222222222
1993,35,-0.95,44,0.795454545454545
1994,28,-0.95,38,0.736842105263158
1995,36,-0.95,47,0.765957446808511
1996,27,-0.95,38,0.710526315789474
1997,25,-0.95,36,0.694444444444444
1998,34,-0.95,52,0.653846153846154
1999,39,-0.95,49,0.795918367346939
2000,37,-0.95,52,0.711538461538462
2001,50,-0.95,67,0.746268656716418
2002,36,-0.95,46,0.782608695652174
2003,30,-0.95,44,0.681818181818182
2004,27,-0.95,49,0.551020408163265
2005,32,-0.95,44,0.727272727272727
2006,32,-0.95,50,0.64
2007,45,-0.95,65,0.692307692307692
2008,41,-0.95,53,0.773584905660377
2009,32,-0.95,48,0.666666666666667
2010,34,-0.95,51,0.666666666666667
2011,38,-0.95,58,0.655172413793103
2012,38,-0.95,56,0.678571428571429
2013,38,-0.95,57,0.666666666666667
2014,35,-0.95,57,0.614035087719298
2015,34,-0.95,58,0.586206896551724
2016,38,-0.95,60,0.633333333333333
2017,50,-0.95,69,0.72463768115942
2018,48,-0.95,62,0.774193548387097
1969,25,-0.9,32,0.78125
1970,24,-0.9,35,0.685714285714286
1971,32,-0.9,44,0.727272727272727
1972,33,-0.9,49,0.673469387755102
1973,32,-0.9,41,0.780487804878049
1974,30,-0.9,45,0.666666666666667
1975,26,-0.9,36,0.722222222222222
1976,22,-0.9,33,0.666666666666667
1977,35,-0.9,55,0.636363636363636
1978,20,-0.9,35,0.571428571428571
1979,26,-0.9,42,0.619047619047619
1980,30,-0.9,45,0.666666666666667
1981,24,-0.9,37,0.648648648648649
1982,23,-0.9,38,0.605263157894737
1983,23,-0.9,35,0.657142857142857
1984,29,-0.9,41,0.707317073170732
1985,36,-0.9,55,0.654545454545455
1986,33,-0.9,47,0.702127659574468
1987,22,-0.9,36,0.611111111111111
1988,28,-0.9,36,0.777777777777778
1989,33,-0.9,46,0.717391304347826
1990,34,-0.9,51,0.666666666666667
1991,31,-0.9,43,0.720930232558139
1992,37,-0.9,45,0.822222222222222
1993,34,-0.9,44,0.772727272727273
1994,27,-0.9,38,0.710526315789474
1995,35,-0.9,47,0.74468085106383
1996,26,-0.9,38,0.684210526315789
1997,25,-0.9,36,0.694444444444444
1998,32,-0.9,52,0.615384615384615
1999,38,-0.9,49,0.775510204081633
2000,35,-0.9,52,0.673076923076923
2001,47,-0.9,67,0.701492537313433
2002,36,-0.9,46,0.782608695652174
2003,30,-0.9,44,0.681818181818182
2004,27,-0.9,49,0.551020408163265
2005,30,-0.9,44,0.681818181818182
2006,30,-0.9,50,0.6
2007,44,-0.9,65,0.676923076923077
2008,41,-0.9,53,0.773584905660377
2009,30,-0.9,48,0.625
2010,33,-0.9,51,0.647058823529412
2011,37,-0.9,58,0.637931034482759
2012,36,-0.9,56,0.642857142857143
2013,36,-0.9,57,0.631578947368421
2014,29,-0.9,57,0.508771929824561
2015,34,-0.9,58,0.586206896551724
2016,38,-0.9,60,0.633333333333333
2017,49,-0.9,69,0.710144927536232
2018,48,-0.9,62,0.774193548387097
1969,24,-0.85,32,0.75
1970,23,-0.85,35,0.657142857142857
1971,31,-0.85,44,0.704545454545455
1972,30,-0.85,49,0.612244897959184
1973,29,-0.85,41,0.707317073170732
1974,30,-0.85,45,0.666666666666667
1975,22,-0.85,36,0.611111111111111
1976,22,-0.85,33,0.666666666666667
1977,35,-0.85,55,0.636363636363636
1978,20,-0.85,35,0.571428571428571
1979,26,-0.85,42,0.619047619047619
1980,27,-0.85,45,0.6
1981,20,-0.85,37,0.540540540540541
1982,19,-0.85,38,0.5
1983,23,-0.85,35,0.657142857142857
1984,28,-0.85,41,0.682926829268293
1985,36,-0.85,55,0.654545454545455
1986,33,-0.85,47,0.702127659574468
1987,22,-0.85,36,0.611111111111111
1988,26,-0.85,36,0.722222222222222
1989,30,-0.85,46,0.652173913043478
1990,34,-0.85,51,0.666666666666667
1991,30,-0.85,43,0.697674418604651
1992,35,-0.85,45,0.777777777777778
1993,34,-0.85,44,0.772727272727273
1994,26,-0.85,38,0.684210526315789
1995,33,-0.85,47,0.702127659574468
1996,25,-0.85,38,0.657894736842105
1997,24,-0.85,36,0.666666666666667
1998,32,-0.85,52,0.615384615384615
1999,36,-0.85,49,0.73469387755102
2000,32,-0.85,52,0.615384615384615
2001,47,-0.85,67,0.701492537313433
2002,33,-0.85,46,0.717391304347826
2003,28,-0.85,44,0.636363636363636
2004,27,-0.85,49,0.551020408163265
2005,23,-0.85,44,0.522727272727273
2006,29,-0.85,50,0.58
2007,44,-0.85,65,0.676923076923077
2008,35,-0.85,53,0.660377358490566
2009,29,-0.85,48,0.604166666666667
2010,26,-0.85,51,0.509803921568627
2011,32,-0.85,58,0.551724137931034
2012,36,-0.85,56,0.642857142857143
2013,33,-0.85,57,0.578947368421053
2014,26,-0.85,57,0.456140350877193
2015,32,-0.85,58,0.551724137931034
2016,37,-0.85,60,0.616666666666667
2017,46,-0.85,69,0.666666666666667
2018,46,-0.85,62,0.741935483870968
1969,23,-0.8,32,0.71875
1970,22,-0.8,35,0.628571428571429
1971,29,-0.8,44,0.659090909090909
1972,30,-0.8,49,0.612244897959184
1973,29,-0.8,41,0.707317073170732
1974,30,-0.8,45,0.666666666666667
1975,22,-0.8,36,0.611111111111111
1976,20,-0.8,33,0.606060606060606
1977,34,-0.8,55,0.618181818181818
1978,20,-0.8,35,0.571428571428571
1979,25,-0.8,42,0.595238095238095
1980,26,-0.8,45,0.577777777777778
1981,20,-0.8,37,0.540540540540541
1982,16,-0.8,38,0.421052631578947
1983,21,-0.8,35,0.6
1984,27,-0.8,41,0.658536585365854
1985,34,-0.8,55,0.618181818181818
1986,32,-0.8,47,0.680851063829787
1987,20,-0.8,36,0.555555555555556
1988,23,-0.8,36,0.638888888888889
1989,28,-0.8,46,0.608695652173913
1990,33,-0.8,51,0.647058823529412
1991,27,-0.8,43,0.627906976744186
1992,31,-0.8,45,0.688888888888889
1993,34,-0.8,44,0.772727272727273
1994,23,-0.8,38,0.605263157894737
1995,33,-0.8,47,0.702127659574468
1996,25,-0.8,38,0.657894736842105
1997,22,-0.8,36,0.611111111111111
1998,30,-0.8,52,0.576923076923077
1999,36,-0.8,49,0.73469387755102
2000,32,-0.8,52,0.615384615384615
2001,45,-0.8,67,0.671641791044776
2002,32,-0.8,46,0.695652173913043
2003,28,-0.8,44,0.636363636363636
2004,23,-0.8,49,0.469387755102041
2005,23,-0.8,44,0.522727272727273
2006,25,-0.8,50,0.5
2007,40,-0.8,65,0.615384615384615
2008,35,-0.8,53,0.660377358490566
2009,24,-0.8,48,0.5
2010,24,-0.8,51,0.470588235294118
2011,32,-0.8,58,0.551724137931034
2012,36,-0.8,56,0.642857142857143
2013,33,-0.8,57,0.578947368421053
2014,26,-0.8,57,0.456140350877193
2015,31,-0.8,58,0.53448275862069
2016,34,-0.8,60,0.566666666666667
2017,46,-0.8,69,0.666666666666667
2018,43,-0.8,62,0.693548387096774
1969,23,-0.75,32,0.71875
1970,22,-0.75,35,0.628571428571429
1971,29,-0.75,44,0.659090909090909
1972,29,-0.75,49,0.591836734693878
1973,29,-0.75,41,0.707317073170732
1974,24,-0.75,45,0.533333333333333
1975,21,-0.75,36,0.583333333333333
1976,19,-0.75,33,0.575757575757576
1977,32,-0.75,55,0.581818181818182
1978,20,-0.75,35,0.571428571428571
1979,23,-0.75,42,0.547619047619048
1980,21,-0.75,45,0.466666666666667
1981,17,-0.75,37,0.459459459459459
1982,16,-0.75,38,0.421052631578947
1983,19,-0.75,35,0.542857142857143
1984,27,-0.75,41,0.658536585365854
1985,34,-0.75,55,0.618181818181818
1986,29,-0.75,47,0.617021276595745
1987,18,-0.75,36,0.5
1988,21,-0.75,36,0.583333333333333
1989,28,-0.75,46,0.608695652173913
1990,32,-0.75,51,0.627450980392157
1991,26,-0.75,43,0.604651162790698
1992,31,-0.75,45,0.688888888888889
1993,33,-0.75,44,0.75
1994,22,-0.75,38,0.578947368421053
1995,32,-0.75,47,0.680851063829787
1996,25,-0.75,38,0.657894736842105
1997,22,-0.75,36,0.611111111111111
1998,26,-0.75,52,0.5
1999,35,-0.75,49,0.714285714285714
2000,31,-0.75,52,0.596153846153846
2001,45,-0.75,67,0.671641791044776
2002,32,-0.75,46,0.695652173913043
2003,23,-0.75,44,0.522727272727273
2004,23,-0.75,49,0.469387755102041
2005,21,-0.75,44,0.477272727272727
2006,24,-0.75,50,0.48
2007,37,-0.75,65,0.569230769230769
2008,34,-0.75,53,0.641509433962264
2009,20,-0.75,48,0.416666666666667
2010,24,-0.75,51,0.470588235294118
2011,29,-0.75,58,0.5
2012,32,-0.75,56,0.571428571428571
2013,30,-0.75,57,0.526315789473684
2014,25,-0.75,57,0.43859649122807
2015,31,-0.75,58,0.53448275862069
2016,33,-0.75,60,0.55
2017,41,-0.75,69,0.594202898550725
2018,42,-0.75,62,0.67741935483871
1969,21,-0.7,32,0.65625
1970,21,-0.7,35,0.6
1971,25,-0.7,44,0.568181818181818
1972,28,-0.7,49,0.571428571428571
1973,27,-0.7,41,0.658536585365854
1974,24,-0.7,45,0.533333333333333
1975,19,-0.7,36,0.527777777777778
1976,19,-0.7,33,0.575757575757576
1977,27,-0.7,55,0.490909090909091
1978,20,-0.7,35,0.571428571428571
1979,22,-0.7,42,0.523809523809524
1980,21,-0.7,45,0.466666666666667
1981,15,-0.7,37,0.405405405405405
1982,14,-0.7,38,0.368421052631579
1983,19,-0.7,35,0.542857142857143
1984,27,-0.7,41,0.658536585365854
1985,29,-0.7,55,0.527272727272727
1986,29,-0.7,47,0.617021276595745
1987,18,-0.7,36,0.5
1988,19,-0.7,36,0.527777777777778
1989,26,-0.7,46,0.565217391304348
1990,31,-0.7,51,0.607843137254902
1991,25,-0.7,43,0.581395348837209
1992,26,-0.7,45,0.577777777777778
1993,33,-0.7,44,0.75
1994,21,-0.7,38,0.552631578947368
1995,32,-0.7,47,0.680851063829787
1996,23,-0.7,38,0.605263157894737
1997,21,-0.7,36,0.583333333333333
1998,25,-0.7,52,0.480769230769231
1999,34,-0.7,49,0.693877551020408
2000,31,-0.7,52,0.596153846153846
2001,42,-0.7,67,0.626865671641791
2002,29,-0.7,46,0.630434782608696
2003,23,-0.7,44,0.522727272727273
2004,18,-0.7,49,0.36734693877551
2005,21,-0.7,44,0.477272727272727
2006,23,-0.7,50,0.46
2007,33,-0.7,65,0.507692307692308
2008,30,-0.7,53,0.566037735849057
2009,19,-0.7,48,0.395833333333333
2010,20,-0.7,51,0.392156862745098
2011,29,-0.7,58,0.5
2012,32,-0.7,56,0.571428571428571
2013,30,-0.7,57,0.526315789473684
2014,23,-0.7,57,0.403508771929825
2015,27,-0.7,58,0.46551724137931
2016,28,-0.7,60,0.466666666666667
2017,36,-0.7,69,0.521739130434783
2018,40,-0.7,62,0.645161290322581
1969,19,-0.65,32,0.59375
1970,21,-0.65,35,0.6
1971,23,-0.65,44,0.522727272727273
1972,27,-0.65,49,0.551020408163265
1973,27,-0.65,41,0.658536585365854
1974,24,-0.65,45,0.533333333333333
1975,19,-0.65,36,0.527777777777778
1976,19,-0.65,33,0.575757575757576
1977,23,-0.65,55,0.418181818181818
1978,19,-0.65,35,0.542857142857143
1979,21,-0.65,42,0.5
1980,20,-0.65,45,0.444444444444444
1981,14,-0.65,37,0.378378378378378
1982,14,-0.65,38,0.368421052631579
1983,17,-0.65,35,0.485714285714286
1984,24,-0.65,41,0.585365853658537
1985,29,-0.65,55,0.527272727272727
1986,27,-0.65,47,0.574468085106383
1987,15,-0.65,36,0.416666666666667
1988,18,-0.65,36,0.5
1989,26,-0.65,46,0.565217391304348
1990,28,-0.65,51,0.549019607843137
1991,24,-0.65,43,0.558139534883721
1992,26,-0.65,45,0.577777777777778
1993,29,-0.65,44,0.659090909090909
1994,21,-0.65,38,0.552631578947368
1995,30,-0.65,47,0.638297872340426
1996,23,-0.65,38,0.605263157894737
1997,18,-0.65,36,0.5
1998,24,-0.65,52,0.461538461538462
1999,34,-0.65,49,0.693877551020408
2000,30,-0.65,52,0.576923076923077
2001,37,-0.65,67,0.552238805970149
2002,28,-0.65,46,0.608695652173913
2003,20,-0.65,44,0.454545454545455
2004,18,-0.65,49,0.36734693877551
2005,19,-0.65,44,0.431818181818182
2006,21,-0.65,50,0.42
2007,31,-0.65,65,0.476923076923077
2008,30,-0.65,53,0.566037735849057
2009,16,-0.65,48,0.333333333333333
2010,17,-0.65,51,0.333333333333333
2011,26,-0.65,58,0.448275862068966
2012,29,-0.65,56,0.517857142857143
2013,25,-0.65,57,0.43859649122807
2014,22,-0.65,57,0.385964912280702
2015,26,-0.65,58,0.448275862068966
2016,28,-0.65,60,0.466666666666667
2017,35,-0.65,69,0.507246376811594
2018,38,-0.65,62,0.612903225806452
1969,19,-0.6,32,0.59375
1970,18,-0.6,35,0.514285714285714
1971,23,-0.6,44,0.522727272727273
1972,23,-0.6,49,0.469387755102041
1973,25,-0.6,41,0.609756097560976
1974,22,-0.6,45,0.488888888888889
1975,19,-0.6,36,0.527777777777778
1976,19,-0.6,33,0.575757575757576
1977,23,-0.6,55,0.418181818181818
1978,16,-0.6,35,0.457142857142857
1979,21,-0.6,42,0.5
1980,18,-0.6,45,0.4
1981,13,-0.6,37,0.351351351351351
1982,12,-0.6,38,0.315789473684211
1983,16,-0.6,35,0.457142857142857
1984,18,-0.6,41,0.439024390243902
1985,25,-0.6,55,0.454545454545455
1986,27,-0.6,47,0.574468085106383
1987,13,-0.6,36,0.361111111111111
1988,14,-0.6,36,0.388888888888889
1989,23,-0.6,46,0.5
1990,28,-0.6,51,0.549019607843137
1991,24,-0.6,43,0.558139534883721
1992,22,-0.6,45,0.488888888888889
1993,29,-0.6,44,0.659090909090909
1994,20,-0.6,38,0.526315789473684
1995,29,-0.6,47,0.617021276595745
1996,21,-0.6,38,0.552631578947368
1997,16,-0.6,36,0.444444444444444
1998,23,-0.6,52,0.442307692307692
1999,31,-0.6,49,0.63265306122449
2000,30,-0.6,52,0.576923076923077
2001,37,-0.6,67,0.552238805970149
2002,27,-0.6,46,0.58695652173913
2003,20,-0.6,44,0.454545454545455
2004,15,-0.6,49,0.306122448979592
2005,17,-0.6,44,0.386363636363636
2006,21,-0.6,50,0.42
2007,26,-0.6,65,0.4
2008,23,-0.6,53,0.433962264150943
2009,16,-0.6,48,0.333333333333333
2010,15,-0.6,51,0.294117647058824
2011,23,-0.6,58,0.396551724137931
2012,26,-0.6,56,0.464285714285714
2013,24,-0.6,57,0.421052631578947
2014,17,-0.6,57,0.298245614035088
2015,26,-0.6,58,0.448275862068966
2016,24,-0.6,60,0.4
2017,29,-0.6,69,0.420289855072464
2018,34,-0.6,62,0.548387096774194
1969,16,-0.55,32,0.5
1970,17,-0.55,35,0.485714285714286
1971,21,-0.55,44,0.477272727272727
1972,19,-0.55,49,0.387755102040816
1973,22,-0.55,41,0.536585365853659
1974,22,-0.55,45,0.488888888888889
1975,17,-0.55,36,0.472222222222222
1976,17,-0.55,33,0.515151515151515
1977,19,-0.55,55,0.345454545454545
1978,13,-0.55,35,0.371428571428571
1979,19,-0.55,42,0.452380952380952
1980,18,-0.55,45,0.4
1981,12,-0.55,37,0.324324324324324
1982,12,-0.55,38,0.315789473684211
1983,16,-0.55,35,0.457142857142857
1984,18,-0.55,41,0.439024390243902
1985,25,-0.55,55,0.454545454545455
1986,23,-0.55,47,0.48936170212766
1987,13,-0.55,36,0.361111111111111
1988,13,-0.55,36,0.361111111111111
1989,22,-0.55,46,0.478260869565217
1990,23,-0.55,51,0.450980392156863
1991,23,-0.55,43,0.534883720930233
1992,22,-0.55,45,0.488888888888889
1993,23,-0.55,44,0.522727272727273
1994,19,-0.55,38,0.5
1995,27,-0.55,47,0.574468085106383
1996,21,-0.55,38,0.552631578947368
1997,13,-0.55,36,0.361111111111111
1998,21,-0.55,52,0.403846153846154
1999,30,-0.55,49,0.612244897959184
2000,29,-0.55,52,0.557692307692308
2001,30,-0.55,67,0.447761194029851
2002,21,-0.55,46,0.456521739130435
2003,19,-0.55,44,0.431818181818182
2004,14,-0.55,49,0.285714285714286
2005,15,-0.55,44,0.340909090909091
2006,16,-0.55,50,0.32
2007,22,-0.55,65,0.338461538461538
2008,20,-0.55,53,0.377358490566038
2009,16,-0.55,48,0.333333333333333
2010,15,-0.55,51,0.294117647058824
2011,23,-0.55,58,0.396551724137931
2012,26,-0.55,56,0.464285714285714
2013,23,-0.55,57,0.403508771929825
2014,17,-0.55,57,0.298245614035088
2015,22,-0.55,58,0.379310344827586
2016,21,-0.55,60,0.35
2017,28,-0.55,69,0.405797101449275
2018,26,-0.55,62,0.419354838709677
1969,15,-0.5,32,0.46875
1970,17,-0.5,35,0.485714285714286
1971,21,-0.5,44,0.477272727272727
1972,19,-0.5,49,0.387755102040816
1973,22,-0.5,41,0.536585365853659
1974,16,-0.5,45,0.355555555555556
1975,17,-0.5,36,0.472222222222222
1976,16,-0.5,33,0.484848484848485
1977,19,-0.5,55,0.345454545454545
1978,12,-0.5,35,0.342857142857143
1979,19,-0.5,42,0.452380952380952
1980,16,-0.5,45,0.355555555555556
1981,12,-0.5,37,0.324324324324324
1982,11,-0.5,38,0.289473684210526
1983,15,-0.5,35,0.428571428571429
1984,18,-0.5,41,0.439024390243902
1985,23,-0.5,55,0.418181818181818
1986,22,-0.5,47,0.468085106382979
1987,10,-0.5,36,0.277777777777778
1988,13,-0.5,36,0.361111111111111
1989,20,-0.5,46,0.434782608695652
1990,20,-0.5,51,0.392156862745098
1991,23,-0.5,43,0.534883720930233
1992,22,-0.5,45,0.488888888888889
1993,19,-0.5,44,0.431818181818182
1994,16,-0.5,38,0.421052631578947
1995,26,-0.5,47,0.553191489361702
1996,21,-0.5,38,0.552631578947368
1997,13,-0.5,36,0.361111111111111
1998,20,-0.5,52,0.384615384615385
1999,24,-0.5,49,0.489795918367347
2000,29,-0.5,52,0.557692307692308
2001,30,-0.5,67,0.447761194029851
2002,20,-0.5,46,0.434782608695652
2003,15,-0.5,44,0.340909090909091
2004,13,-0.5,49,0.26530612244898
2005,15,-0.5,44,0.340909090909091
2006,14,-0.5,50,0.28
2007,22,-0.5,65,0.338461538461538
2008,20,-0.5,53,0.377358490566038
2009,15,-0.5,48,0.3125
2010,12,-0.5,51,0.235294117647059
2011,18,-0.5,58,0.310344827586207
2012,25,-0.5,56,0.446428571428571
2013,18,-0.5,57,0.315789473684211
2014,16,-0.5,57,0.280701754385965
2015,22,-0.5,58,0.379310344827586
2016,18,-0.5,60,0.3
2017,28,-0.5,69,0.405797101449275
2018,26,-0.5,62,0.419354838709677
1969,15,-0.45,32,0.46875
1970,14,-0.45,35,0.4
1971,20,-0.45,44,0.454545454545455
1972,15,-0.45,49,0.306122448979592
1973,16,-0.45,41,0.390243902439024
1974,15,-0.45,45,0.333333333333333
1975,14,-0.45,36,0.388888888888889
1976,15,-0.45,33,0.454545454545455
1977,18,-0.45,55,0.327272727272727
1978,9,-0.45,35,0.257142857142857
1979,17,-0.45,42,0.404761904761905
1980,16,-0.45,45,0.355555555555556
1981,8,-0.45,37,0.216216216216216
1982,10,-0.45,38,0.263157894736842
1983,15,-0.45,35,0.428571428571429
1984,18,-0.45,41,0.439024390243902
1985,23,-0.45,55,0.418181818181818
1986,19,-0.45,47,0.404255319148936
1987,9,-0.45,36,0.25
1988,10,-0.45,36,0.277777777777778
1989,16,-0.45,46,0.347826086956522
1990,20,-0.45,51,0.392156862745098
1991,21,-0.45,43,0.488372093023256
1992,21,-0.45,45,0.466666666666667
1993,19,-0.45,44,0.431818181818182
1994,16,-0.45,38,0.421052631578947
1995,21,-0.45,47,0.446808510638298
1996,20,-0.45,38,0.526315789473684
1997,12,-0.45,36,0.333333333333333
1998,19,-0.45,52,0.365384615384615
1999,24,-0.45,49,0.489795918367347
2000,26,-0.45,52,0.5
2001,30,-0.45,67,0.447761194029851
2002,18,-0.45,46,0.391304347826087
2003,15,-0.45,44,0.340909090909091
2004,13,-0.45,49,0.26530612244898
2005,15,-0.45,44,0.340909090909091
2006,13,-0.45,50,0.26
2007,20,-0.45,65,0.307692307692308
2008,13,-0.45,53,0.245283018867925
2009,14,-0.45,48,0.291666666666667
2010,11,-0.45,51,0.215686274509804
2011,18,-0.45,58,0.310344827586207
2012,21,-0.45,56,0.375
2013,17,-0.45,57,0.298245614035088
2014,15,-0.45,57,0.263157894736842
2015,15,-0.45,58,0.258620689655172
2016,17,-0.45,60,0.283333333333333
2017,21,-0.45,69,0.304347826086957
2018,22,-0.45,62,0.354838709677419
1969,13,-0.4,32,0.40625
1970,13,-0.4,35,0.371428571428571
1971,15,-0.4,44,0.340909090909091
1972,15,-0.4,49,0.306122448979592
1973,12,-0.4,41,0.292682926829268
1974,14,-0.4,45,0.311111111111111
1975,10,-0.4,36,0.277777777777778
1976,14,-0.4,33,0.424242424242424
1977,16,-0.4,55,0.290909090909091
1978,9,-0.4,35,0.257142857142857
1979,15,-0.4,42,0.357142857142857
1980,14,-0.4,45,0.311111111111111
1981,8,-0.4,37,0.216216216216216
1982,10,-0.4,38,0.263157894736842
1983,11,-0.4,35,0.314285714285714
1984,15,-0.4,41,0.365853658536585
1985,20,-0.4,55,0.363636363636364
1986,17,-0.4,47,0.361702127659574
1987,9,-0.4,36,0.25
1988,10,-0.4,36,0.277777777777778
1989,16,-0.4,46,0.347826086956522
1990,14,-0.4,51,0.274509803921569
1991,20,-0.4,43,0.465116279069767
1992,19,-0.4,45,0.422222222222222
1993,17,-0.4,44,0.386363636363636
1994,14,-0.4,38,0.368421052631579
1995,20,-0.4,47,0.425531914893617
1996,20,-0.4,38,0.526315789473684
1997,12,-0.4,36,0.333333333333333
1998,16,-0.4,52,0.307692307692308
1999,22,-0.4,49,0.448979591836735
2000,25,-0.4,52,0.480769230769231
2001,26,-0.4,67,0.388059701492537
2002,18,-0.4,46,0.391304347826087
2003,15,-0.4,44,0.340909090909091
2004,13,-0.4,49,0.26530612244898
2005,14,-0.4,44,0.318181818181818
2006,13,-0.4,50,0.26
2007,16,-0.4,65,0.246153846153846
2008,13,-0.4,53,0.245283018867925
2009,14,-0.4,48,0.291666666666667
2010,11,-0.4,51,0.215686274509804
2011,16,-0.4,58,0.275862068965517
2012,19,-0.4,56,0.339285714285714
2013,16,-0.4,57,0.280701754385965
2014,15,-0.4,57,0.263157894736842
2015,14,-0.4,58,0.241379310344828
2016,15,-0.4,60,0.25
2017,21,-0.4,69,0.304347826086957
2018,20,-0.4,62,0.32258064516129
1969,11,-0.35,32,0.34375
1970,12,-0.35,35,0.342857142857143
1971,15,-0.35,44,0.340909090909091
1972,12,-0.35,49,0.244897959183673
1973,12,-0.35,41,0.292682926829268
1974,13,-0.35,45,0.288888888888889
1975,10,-0.35,36,0.277777777777778
1976,9,-0.35,33,0.272727272727273
1977,10,-0.35,55,0.181818181818182
1978,8,-0.35,35,0.228571428571429
1979,12,-0.35,42,0.285714285714286
1980,14,-0.35,45,0.311111111111111
1981,8,-0.35,37,0.216216216216216
1982,10,-0.35,38,0.263157894736842
1983,10,-0.35,35,0.285714285714286
1984,13,-0.35,41,0.317073170731707
1985,18,-0.35,55,0.327272727272727
1986,17,-0.35,47,0.361702127659574
1987,8,-0.35,36,0.222222222222222
1988,10,-0.35,36,0.277777777777778
1989,16,-0.35,46,0.347826086956522
1990,13,-0.35,51,0.254901960784314
1991,20,-0.35,43,0.465116279069767
1992,19,-0.35,45,0.422222222222222
1993,17,-0.35,44,0.386363636363636
1994,14,-0.35,38,0.368421052631579
1995,20,-0.35,47,0.425531914893617
1996,18,-0.35,38,0.473684210526316
1997,12,-0.35,36,0.333333333333333
1998,16,-0.35,52,0.307692307692308
1999,22,-0.35,49,0.448979591836735
2000,25,-0.35,52,0.480769230769231
2001,26,-0.35,67,0.388059701492537
2002,16,-0.35,46,0.347826086956522
2003,15,-0.35,44,0.340909090909091
2004,13,-0.35,49,0.26530612244898
2005,14,-0.35,44,0.318181818181818
2006,13,-0.35,50,0.26
2007,16,-0.35,65,0.246153846153846
2008,10,-0.35,53,0.188679245283019
2009,13,-0.35,48,0.270833333333333
2010,9,-0.35,51,0.176470588235294
2011,13,-0.35,58,0.224137931034483
2012,16,-0.35,56,0.285714285714286
2013,13,-0.35,57,0.228070175438596
2014,15,-0.35,57,0.263157894736842
2015,12,-0.35,58,0.206896551724138
2016,15,-0.35,60,0.25
2017,16,-0.35,69,0.231884057971014
2018,20,-0.35,62,0.32258064516129
1969,11,-0.3,32,0.34375
1970,8,-0.3,35,0.228571428571429
1971,13,-0.3,44,0.295454545454545
1972,11,-0.3,49,0.224489795918367
1973,10,-0.3,41,0.24390243902439
1974,9,-0.3,45,0.2
1975,9,-0.3,36,0.25
1976,8,-0.3,33,0.242424242424242
1977,10,-0.3,55,0.181818181818182
1978,5,-0.3,35,0.142857142857143
1979,12,-0.3,42,0.285714285714286
1980,12,-0.3,45,0.266666666666667
1981,8,-0.3,37,0.216216216216216
1982,10,-0.3,38,0.263157894736842
1983,10,-0.3,35,0.285714285714286
1984,13,-0.3,41,0.317073170731707
1985,18,-0.3,55,0.327272727272727
1986,15,-0.3,47,0.319148936170213
1987,8,-0.3,36,0.222222222222222
1988,7,-0.3,36,0.194444444444444
1989,15,-0.3,46,0.326086956521739
1990,12,-0.3,51,0.235294117647059
1991,18,-0.3,43,0.418604651162791
1992,17,-0.3,45,0.377777777777778
1993,17,-0.3,44,0.386363636363636
1994,13,-0.3,38,0.342105263157895
1995,20,-0.3,47,0.425531914893617
1996,18,-0.3,38,0.473684210526316
1997,10,-0.3,36,0.277777777777778
1998,15,-0.3,52,0.288461538461538
1999,18,-0.3,49,0.36734693877551
2000,23,-0.3,52,0.442307692307692
2001,22,-0.3,67,0.328358208955224
2002,16,-0.3,46,0.347826086956522
2003,13,-0.3,44,0.295454545454545
2004,10,-0.3,49,0.204081632653061
2005,13,-0.3,44,0.295454545454545
2006,11,-0.3,50,0.22
2007,14,-0.3,65,0.215384615384615
2008,10,-0.3,53,0.188679245283019
2009,10,-0.3,48,0.208333333333333
2010,8,-0.3,51,0.156862745098039
2011,12,-0.3,58,0.206896551724138
2012,11,-0.3,56,0.196428571428571
2013,13,-0.3,57,0.228070175438596
2014,15,-0.3,57,0.263157894736842
2015,11,-0.3,58,0.189655172413793
2016,13,-0.3,60,0.216666666666667
2017,16,-0.3,69,0.231884057971014
2018,18,-0.3,62,0.290322580645161
1969,8,-0.25,32,0.25
1970,5,-0.25,35,0.142857142857143
1971,9,-0.25,44,0.204545454545455
1972,11,-0.25,49,0.224489795918367
1973,9,-0.25,41,0.219512195121951
1974,9,-0.25,45,0.2
1975,9,-0.25,36,0.25
1976,5,-0.25,33,0.151515151515152
1977,8,-0.25,55,0.145454545454545
1978,5,-0.25,35,0.142857142857143
1979,11,-0.25,42,0.261904761904762
1980,11,-0.25,45,0.244444444444444
1981,3,-0.25,37,0.0810810810810811
1982,8,-0.25,38,0.210526315789474
1983,10,-0.25,35,0.285714285714286
1984,11,-0.25,41,0.268292682926829
1985,15,-0.25,55,0.272727272727273
1986,14,-0.25,47,0.297872340425532
1987,6,-0.25,36,0.166666666666667
1988,7,-0.25,36,0.194444444444444
1989,12,-0.25,46,0.260869565217391
1990,11,-0.25,51,0.215686274509804
1991,18,-0.25,43,0.418604651162791
1992,17,-0.25,45,0.377777777777778
1993,15,-0.25,44,0.340909090909091
1994,11,-0.25,38,0.289473684210526
1995,18,-0.25,47,0.382978723404255
1996,15,-0.25,38,0.394736842105263
1997,10,-0.25,36,0.277777777777778
1998,11,-0.25,52,0.211538461538462
1999,18,-0.25,49,0.36734693877551
2000,23,-0.25,52,0.442307692307692
2001,22,-0.25,67,0.328358208955224
2002,16,-0.25,46,0.347826086956522
2003,13,-0.25,44,0.295454545454545
2004,10,-0.25,49,0.204081632653061
2005,13,-0.25,44,0.295454545454545
2006,10,-0.25,50,0.2
2007,14,-0.25,65,0.215384615384615
2008,9,-0.25,53,0.169811320754717
2009,10,-0.25,48,0.208333333333333
2010,6,-0.25,51,0.117647058823529
2011,11,-0.25,58,0.189655172413793
2012,10,-0.25,56,0.178571428571429
2013,10,-0.25,57,0.175438596491228
2014,15,-0.25,57,0.263157894736842
2015,9,-0.25,58,0.155172413793103
2016,12,-0.25,60,0.2
2017,16,-0.25,69,0.231884057971014
2018,18,-0.25,62,0.290322580645161
1969,8,-0.2,32,0.25
1970,4,-0.2,35,0.114285714285714
1971,8,-0.2,44,0.181818181818182
1972,10,-0.2,49,0.204081632653061
1973,9,-0.2,41,0.219512195121951
1974,6,-0.2,45,0.133333333333333
1975,9,-0.2,36,0.25
1976,5,-0.2,33,0.151515151515152
1977,6,-0.2,55,0.109090909090909
1978,5,-0.2,35,0.142857142857143
1979,10,-0.2,42,0.238095238095238
1980,11,-0.2,45,0.244444444444444
1981,3,-0.2,37,0.0810810810810811
1982,7,-0.2,38,0.184210526315789
1983,9,-0.2,35,0.257142857142857
1984,11,-0.2,41,0.268292682926829
1985,15,-0.2,55,0.272727272727273
1986,13,-0.2,47,0.276595744680851
1987,5,-0.2,36,0.138888888888889
1988,5,-0.2,36,0.138888888888889
1989,12,-0.2,46,0.260869565217391
1990,10,-0.2,51,0.196078431372549
1991,16,-0.2,43,0.372093023255814
1992,13,-0.2,45,0.288888888888889
1993,15,-0.2,44,0.340909090909091
1994,11,-0.2,38,0.289473684210526
1995,18,-0.2,47,0.382978723404255
1996,15,-0.2,38,0.394736842105263
1997,9,-0.2,36,0.25
1998,11,-0.2,52,0.211538461538462
1999,16,-0.2,49,0.326530612244898
2000,21,-0.2,52,0.403846153846154
2001,19,-0.2,67,0.283582089552239
2002,16,-0.2,46,0.347826086956522
2003,11,-0.2,44,0.25
2004,6,-0.2,49,0.122448979591837
2005,9,-0.2,44,0.204545454545455
2006,10,-0.2,50,0.2
2007,12,-0.2,65,0.184615384615385
2008,7,-0.2,53,0.132075471698113
2009,7,-0.2,48,0.145833333333333
2010,6,-0.2,51,0.117647058823529
2011,10,-0.2,58,0.172413793103448
2012,7,-0.2,56,0.125
2013,8,-0.2,57,0.140350877192982
2014,12,-0.2,57,0.210526315789474
2015,9,-0.2,58,0.155172413793103
2016,10,-0.2,60,0.166666666666667
2017,15,-0.2,69,0.217391304347826
2018,16,-0.2,62,0.258064516129032
1969,6,-0.15,32,0.1875
1970,4,-0.15,35,0.114285714285714
1971,5,-0.15,44,0.113636363636364
1972,9,-0.15,49,0.183673469387755
1973,9,-0.15,41,0.219512195121951
1974,6,-0.15,45,0.133333333333333
1975,7,-0.15,36,0.194444444444444
1976,5,-0.15,33,0.151515151515152
1977,6,-0.15,55,0.109090909090909
1978,4,-0.15,35,0.114285714285714
1979,10,-0.15,42,0.238095238095238
1980,11,-0.15,45,0.244444444444444
1981,3,-0.15,37,0.0810810810810811
1982,4,-0.15,38,0.105263157894737
1983,3,-0.15,35,0.0857142857142857
1984,9,-0.15,41,0.219512195121951
1985,14,-0.15,55,0.254545454545455
1986,13,-0.15,47,0.276595744680851
1987,5,-0.15,36,0.138888888888889
1988,4,-0.15,36,0.111111111111111
1989,10,-0.15,46,0.217391304347826
1990,8,-0.15,51,0.156862745098039
1991,16,-0.15,43,0.372093023255814
1992,11,-0.15,45,0.244444444444444
1993,11,-0.15,44,0.25
1994,11,-0.15,38,0.289473684210526
1995,14,-0.15,47,0.297872340425532
1996,10,-0.15,38,0.263157894736842
1997,8,-0.15,36,0.222222222222222
1998,9,-0.15,52,0.173076923076923
1999,16,-0.15,49,0.326530612244898
2000,21,-0.15,52,0.403846153846154
2001,19,-0.15,67,0.283582089552239
2002,16,-0.15,46,0.347826086956522
2003,11,-0.15,44,0.25
2004,6,-0.15,49,0.122448979591837
2005,8,-0.15,44,0.181818181818182
2006,8,-0.15,50,0.16
2007,11,-0.15,65,0.169230769230769
2008,7,-0.15,53,0.132075471698113
2009,7,-0.15,48,0.145833333333333
2010,6,-0.15,51,0.117647058823529
2011,10,-0.15,58,0.172413793103448
2012,7,-0.15,56,0.125
2013,8,-0.15,57,0.140350877192982
2014,10,-0.15,57,0.175438596491228
2015,7,-0.15,58,0.120689655172414
2016,9,-0.15,60,0.15
2017,13,-0.15,69,0.188405797101449
2018,14,-0.15,62,0.225806451612903
1969,5,-0.1,32,0.15625
1970,3,-0.1,35,0.0857142857142857
1971,5,-0.1,44,0.113636363636364
1972,9,-0.1,49,0.183673469387755
1973,8,-0.1,41,0.195121951219512
1974,6,-0.1,45,0.133333333333333
1975,7,-0.1,36,0.194444444444444
1976,5,-0.1,33,0.151515151515152
1977,5,-0.1,55,0.0909090909090909
1978,2,-0.1,35,0.0571428571428571
1979,10,-0.1,42,0.238095238095238
1980,10,-0.1,45,0.222222222222222
1981,3,-0.1,37,0.0810810810810811
1982,4,-0.1,38,0.105263157894737
1983,3,-0.1,35,0.0857142857142857
1984,8,-0.1,41,0.195121951219512
1985,14,-0.1,55,0.254545454545455
1986,11,-0.1,47,0.234042553191489
1987,4,-0.1,36,0.111111111111111
1988,4,-0.1,36,0.111111111111111
1989,10,-0.1,46,0.217391304347826
1990,8,-0.1,51,0.156862745098039
1991,13,-0.1,43,0.302325581395349
1992,11,-0.1,45,0.244444444444444
1993,10,-0.1,44,0.227272727272727
1994,11,-0.1,38,0.289473684210526
1995,14,-0.1,47,0.297872340425532
1996,9,-0.1,38,0.236842105263158
1997,8,-0.1,36,0.222222222222222
1998,9,-0.1,52,0.173076923076923
1999,14,-0.1,49,0.285714285714286
2000,19,-0.1,52,0.365384615384615
2001,18,-0.1,67,0.26865671641791
2002,14,-0.1,46,0.304347826086957
2003,8,-0.1,44,0.181818181818182
2004,6,-0.1,49,0.122448979591837
2005,8,-0.1,44,0.181818181818182
2006,8,-0.1,50,0.16
2007,11,-0.1,65,0.169230769230769
2008,6,-0.1,53,0.113207547169811
2009,7,-0.1,48,0.145833333333333
2010,5,-0.1,51,0.0980392156862745
2011,9,-0.1,58,0.155172413793103
2012,6,-0.1,56,0.107142857142857
2013,8,-0.1,57,0.140350877192982
2014,10,-0.1,57,0.175438596491228
2015,6,-0.1,58,0.103448275862069
2016,9,-0.1,60,0.15
2017,13,-0.1,69,0.188405797101449
2018,14,-0.1,62,0.225806451612903
1969,5,-0.0499999999999999,32,0.15625
1970,3,-0.0499999999999999,35,0.0857142857142857
1971,5,-0.0499999999999999,44,0.113636363636364
1972,7,-0.0499999999999999,49,0.142857142857143
1973,8,-0.0499999999999999,41,0.195121951219512
1974,6,-0.0499999999999999,45,0.133333333333333
1975,7,-0.0499999999999999,36,0.194444444444444
1976,5,-0.0499999999999999,33,0.151515151515152
1977,3,-0.0499999999999999,55,0.0545454545454545
1978,2,-0.0499999999999999,35,0.0571428571428571
1979,7,-0.0499999999999999,42,0.166666666666667
1980,10,-0.0499999999999999,45,0.222222222222222
1981,2,-0.0499999999999999,37,0.0540540540540541
1982,4,-0.0499999999999999,38,0.105263157894737
1983,3,-0.0499999999999999,35,0.0857142857142857
1984,8,-0.0499999999999999,41,0.195121951219512
1985,10,-0.0499999999999999,55,0.181818181818182
1986,10,-0.0499999999999999,47,0.212765957446809
1987,4,-0.0499999999999999,36,0.111111111111111
1988,2,-0.0499999999999999,36,0.0555555555555556
1989,7,-0.0499999999999999,46,0.152173913043478
1990,8,-0.0499999999999999,51,0.156862745098039
1991,13,-0.0499999999999999,43,0.302325581395349
1992,10,-0.0499999999999999,45,0.222222222222222
1993,7,-0.0499999999999999,44,0.159090909090909
1994,8,-0.0499999999999999,38,0.210526315789474
1995,14,-0.0499999999999999,47,0.297872340425532
1996,9,-0.0499999999999999,38,0.236842105263158
1997,8,-0.0499999999999999,36,0.222222222222222
1998,8,-0.0499999999999999,52,0.153846153846154
1999,12,-0.0499999999999999,49,0.244897959183673
2000,16,-0.0499999999999999,52,0.307692307692308
2001,14,-0.0499999999999999,67,0.208955223880597
2002,14,-0.0499999999999999,46,0.304347826086957
2003,8,-0.0499999999999999,44,0.181818181818182
2004,4,-0.0499999999999999,49,0.0816326530612245
2005,7,-0.0499999999999999,44,0.159090909090909
2006,6,-0.0499999999999999,50,0.12
2007,11,-0.0499999999999999,65,0.169230769230769
2008,5,-0.0499999999999999,53,0.0943396226415094
2009,7,-0.0499999999999999,48,0.145833333333333
2010,5,-0.0499999999999999,51,0.0980392156862745
2011,8,-0.0499999999999999,58,0.137931034482759
2012,4,-0.0499999999999999,56,0.0714285714285714
2013,7,-0.0499999999999999,57,0.12280701754386
2014,7,-0.0499999999999999,57,0.12280701754386
2015,6,-0.0499999999999999,58,0.103448275862069
2016,9,-0.0499999999999999,60,0.15
2017,10,-0.0499999999999999,69,0.144927536231884
2018,14,-0.0499999999999999,62,0.225806451612903
1969,4,0,32,0.125
1970,3,0,35,0.0857142857142857
1971,4,0,44,0.0909090909090909
1972,6,0,49,0.122448979591837
1973,7,0,41,0.170731707317073
1974,5,0,45,0.111111111111111
1975,6,0,36,0.166666666666667
1976,4,0,33,0.121212121212121
1977,3,0,55,0.0545454545454545
1978,2,0,35,0.0571428571428571
1979,7,0,42,0.166666666666667
1980,10,0,45,0.222222222222222
1981,1,0,37,0.027027027027027
1982,4,0,38,0.105263157894737
1983,3,0,35,0.0857142857142857
1984,8,0,41,0.195121951219512
1985,10,0,55,0.181818181818182
1986,10,0,47,0.212765957446809
1987,4,0,36,0.111111111111111
1988,2,0,36,0.0555555555555556
1989,6,0,46,0.130434782608696
1990,7,0,51,0.137254901960784
1991,13,0,43,0.302325581395349
1992,9,0,45,0.2
1993,7,0,44,0.159090909090909
1994,8,0,38,0.210526315789474
1995,13,0,47,0.276595744680851
1996,9,0,38,0.236842105263158
1997,8,0,36,0.222222222222222
1998,8,0,52,0.153846153846154
1999,11,0,49,0.224489795918367
2000,14,0,52,0.269230769230769
2001,14,0,67,0.208955223880597
2002,12,0,46,0.260869565217391
2003,8,0,44,0.181818181818182
2004,4,0,49,0.0816326530612245
2005,7,0,44,0.159090909090909
2006,6,0,50,0.12
2007,11,0,65,0.169230769230769
2008,4,0,53,0.0754716981132075
2009,7,0,48,0.145833333333333
2010,4,0,51,0.0784313725490196
2011,7,0,58,0.120689655172414
2012,3,0,56,0.0535714285714286
2013,7,0,57,0.12280701754386
2014,7,0,57,0.12280701754386
2015,6,0,58,0.103448275862069
2016,9,0,60,0.15
2017,9,0,69,0.130434782608696
2018,12,0,62,0.193548387096774
1969,4,0.05,32,0.125
1970,2,0.05,35,0.0571428571428571
1971,4,0.05,44,0.0909090909090909
1972,6,0.05,49,0.122448979591837
1973,7,0.05,41,0.170731707317073
1974,5,0.05,45,0.111111111111111
1975,6,0.05,36,0.166666666666667
1976,3,0.05,33,0.0909090909090909
1977,3,0.05,55,0.0545454545454545
1978,2,0.05,35,0.0571428571428571
1979,5,0.05,42,0.119047619047619
1980,9,0.05,45,0.2
1981,1,0.05,37,0.027027027027027
1982,4,0.05,38,0.105263157894737
1983,3,0.05,35,0.0857142857142857
1984,8,0.05,41,0.195121951219512
1985,9,0.05,55,0.163636363636364
1986,9,0.05,47,0.191489361702128
1987,3,0.05,36,0.0833333333333333
1988,2,0.05,36,0.0555555555555556
1989,6,0.05,46,0.130434782608696
1990,7,0.05,51,0.137254901960784
1991,11,0.05,43,0.255813953488372
1992,9,0.05,45,0.2
1993,7,0.05,44,0.159090909090909
1994,7,0.05,38,0.184210526315789
1995,13,0.05,47,0.276595744680851
1996,9,0.05,38,0.236842105263158
1997,7,0.05,36,0.194444444444444
1998,6,0.05,52,0.115384615384615
1999,10,0.05,49,0.204081632653061
2000,13,0.05,52,0.25
2001,14,0.05,67,0.208955223880597
2002,12,0.05,46,0.260869565217391
2003,8,0.05,44,0.181818181818182
2004,3,0.05,49,0.0612244897959184
2005,6,0.05,44,0.136363636363636
2006,6,0.05,50,0.12
2007,9,0.05,65,0.138461538461538
2008,4,0.05,53,0.0754716981132075
2009,7,0.05,48,0.145833333333333
2010,4,0.05,51,0.0784313725490196
2011,7,0.05,58,0.120689655172414
2012,2,0.05,56,0.0357142857142857
2013,7,0.05,57,0.12280701754386
2014,4,0.05,57,0.0701754385964912
2015,6,0.05,58,0.103448275862069
2016,9,0.05,60,0.15
2017,9,0.05,69,0.130434782608696
2018,12,0.05,62,0.193548387096774
1969,4,0.1,32,0.125
1970,2,0.1,35,0.0571428571428571
1971,3,0.1,44,0.0681818181818182
1972,6,0.1,49,0.122448979591837
1973,7,0.1,41,0.170731707317073
1974,5,0.1,45,0.111111111111111
1975,6,0.1,36,0.166666666666667
1976,2,0.1,33,0.0606060606060606
1977,3,0.1,55,0.0545454545454545
1978,2,0.1,35,0.0571428571428571
1979,5,0.1,42,0.119047619047619
1980,9,0.1,45,0.2
1981,1,0.1,37,0.027027027027027
1982,3,0.1,38,0.0789473684210526
1983,1,0.1,35,0.0285714285714286
1984,5,0.1,41,0.121951219512195
1985,8,0.1,55,0.145454545454545
1986,8,0.1,47,0.170212765957447
1987,3,0.1,36,0.0833333333333333
1988,1,0.1,36,0.0277777777777778
1989,4,0.1,46,0.0869565217391304
1990,7,0.1,51,0.137254901960784
1991,10,0.1,43,0.232558139534884
1992,9,0.1,45,0.2
1993,6,0.1,44,0.136363636363636
1994,7,0.1,38,0.184210526315789
1995,12,0.1,47,0.25531914893617
1996,9,0.1,38,0.236842105263158
1997,7,0.1,36,0.194444444444444
1998,6,0.1,52,0.115384615384615
1999,8,0.1,49,0.163265306122449
2000,11,0.1,52,0.211538461538462
2001,14,0.1,67,0.208955223880597
2002,11,0.1,46,0.239130434782609
2003,7,0.1,44,0.159090909090909
2004,3,0.1,49,0.0612244897959184
2005,6,0.1,44,0.136363636363636
2006,5,0.1,50,0.1
2007,9,0.1,65,0.138461538461538
2008,4,0.1,53,0.0754716981132075
2009,7,0.1,48,0.145833333333333
2010,4,0.1,51,0.0784313725490196
2011,7,0.1,58,0.120689655172414
2012,1,0.1,56,0.0178571428571429
2013,6,0.1,57,0.105263157894737
2014,4,0.1,57,0.0701754385964912
2015,5,0.1,58,0.0862068965517241
2016,9,0.1,60,0.15
2017,9,0.1,69,0.130434782608696
2018,11,0.1,62,0.17741935483871
1969,3,0.15,32,0.09375
1970,1,0.15,35,0.0285714285714286
1971,3,0.15,44,0.0681818181818182
1972,6,0.15,49,0.122448979591837
1973,6,0.15,41,0.146341463414634
1974,4,0.15,45,0.0888888888888889
1975,5,0.15,36,0.138888888888889
1976,1,0.15,33,0.0303030303030303
1977,3,0.15,55,0.0545454545454545
1978,2,0.15,35,0.0571428571428571
1979,4,0.15,42,0.0952380952380952
1980,9,0.15,45,0.2
1981,1,0.15,37,0.027027027027027
1982,3,0.15,38,0.0789473684210526
1983,1,0.15,35,0.0285714285714286
1984,3,0.15,41,0.0731707317073171
1985,6,0.15,55,0.109090909090909
1986,7,0.15,47,0.148936170212766
1987,3,0.15,36,0.0833333333333333
1988,0,0.15,36,0
1989,4,0.15,46,0.0869565217391304
1990,6,0.15,51,0.117647058823529
1991,8,0.15,43,0.186046511627907
1992,9,0.15,45,0.2
1993,6,0.15,44,0.136363636363636
1994,5,0.15,38,0.131578947368421
1995,12,0.15,47,0.25531914893617
1996,9,0.15,38,0.236842105263158
1997,7,0.15,36,0.194444444444444
1998,6,0.15,52,0.115384615384615
1999,8,0.15,49,0.163265306122449
2000,10,0.15,52,0.192307692307692
2001,11,0.15,67,0.164179104477612
2002,11,0.15,46,0.239130434782609
2003,7,0.15,44,0.159090909090909
2004,3,0.15,49,0.0612244897959184
2005,5,0.15,44,0.113636363636364
2006,5,0.15,50,0.1
2007,9,0.15,65,0.138461538461538
2008,4,0.15,53,0.0754716981132075
2009,7,0.15,48,0.145833333333333
2010,4,0.15,51,0.0784313725490196
2011,3,0.15,58,0.0517241379310345
2012,1,0.15,56,0.0178571428571429
2013,6,0.15,57,0.105263157894737
2014,4,0.15,57,0.0701754385964912
2015,4,0.15,58,0.0689655172413793
2016,9,0.15,60,0.15
2017,9,0.15,69,0.130434782608696
2018,10,0.15,62,0.161290322580645
1969,2,0.2,32,0.0625
1970,1,0.2,35,0.0285714285714286
1971,2,0.2,44,0.0454545454545455
1972,6,0.2,49,0.122448979591837
1973,6,0.2,41,0.146341463414634
1974,4,0.2,45,0.0888888888888889
1975,5,0.2,36,0.138888888888889
1976,1,0.2,33,0.0303030303030303
1977,2,0.2,55,0.0363636363636364
1978,2,0.2,35,0.0571428571428571
1979,4,0.2,42,0.0952380952380952
1980,9,0.2,45,0.2
1981,1,0.2,37,0.027027027027027
1982,2,0.2,38,0.0526315789473684
1983,1,0.2,35,0.0285714285714286
1984,3,0.2,41,0.0731707317073171
1985,5,0.2,55,0.0909090909090909
1986,6,0.2,47,0.127659574468085
1987,3,0.2,36,0.0833333333333333
1988,0,0.2,36,0
1989,3,0.2,46,0.0652173913043478
1990,6,0.2,51,0.117647058823529
1991,8,0.2,43,0.186046511627907
1992,9,0.2,45,0.2
1993,5,0.2,44,0.113636363636364
1994,5,0.2,38,0.131578947368421
1995,9,0.2,47,0.191489361702128
1996,8,0.2,38,0.210526315789474
1997,6,0.2,36,0.166666666666667
1998,6,0.2,52,0.115384615384615
1999,7,0.2,49,0.142857142857143
2000,10,0.2,52,0.192307692307692
2001,9,0.2,67,0.134328358208955
2002,10,0.2,46,0.217391304347826
2003,7,0.2,44,0.159090909090909
2004,3,0.2,49,0.0612244897959184
2005,5,0.2,44,0.113636363636364
2006,5,0.2,50,0.1
2007,7,0.2,65,0.107692307692308
2008,4,0.2,53,0.0754716981132075
2009,7,0.2,48,0.145833333333333
2010,4,0.2,51,0.0784313725490196
2011,3,0.2,58,0.0517241379310345
2012,1,0.2,56,0.0178571428571429
2013,5,0.2,57,0.087719298245614
2014,3,0.2,57,0.0526315789473684
2015,4,0.2,58,0.0689655172413793
2016,9,0.2,60,0.15
2017,9,0.2,69,0.130434782608696
2018,10,0.2,62,0.161290322580645
1969,2,0.25,32,0.0625
1970,1,0.25,35,0.0285714285714286
1971,1,0.25,44,0.0227272727272727
1972,5,0.25,49,0.102040816326531
1973,6,0.25,41,0.146341463414634
1974,4,0.25,45,0.0888888888888889
1975,5,0.25,36,0.138888888888889
1976,1,0.25,33,0.0303030303030303
1977,2,0.25,55,0.0363636363636364
1978,2,0.25,35,0.0571428571428571
1979,3,0.25,42,0.0714285714285714
1980,7,0.25,45,0.155555555555556
1981,1,0.25,37,0.027027027027027
1982,2,0.25,38,0.0526315789473684
1983,1,0.25,35,0.0285714285714286
1984,3,0.25,41,0.0731707317073171
1985,5,0.25,55,0.0909090909090909
1986,5,0.25,47,0.106382978723404
1987,2,0.25,36,0.0555555555555556
1988,0,0.25,36,0
1989,3,0.25,46,0.0652173913043478
1990,3,0.25,51,0.0588235294117647
1991,7,0.25,43,0.162790697674419
1992,8,0.25,45,0.177777777777778
1993,4,0.25,44,0.0909090909090909
1994,5,0.25,38,0.131578947368421
1995,9,0.25,47,0.191489361702128
1996,7,0.25,38,0.184210526315789
1997,6,0.25,36,0.166666666666667
1998,6,0.25,52,0.115384615384615
1999,6,0.25,49,0.122448979591837
2000,9,0.25,52,0.173076923076923
2001,9,0.25,67,0.134328358208955
2002,6,0.25,46,0.130434782608696
2003,7,0.25,44,0.159090909090909
2004,1,0.25,49,0.0204081632653061
2005,4,0.25,44,0.0909090909090909
2006,5,0.25,50,0.1
2007,7,0.25,65,0.107692307692308
2008,4,0.25,53,0.0754716981132075
2009,6,0.25,48,0.125
2010,4,0.25,51,0.0784313725490196
2011,2,0.25,58,0.0344827586206897
2012,1,0.25,56,0.0178571428571429
2013,5,0.25,57,0.087719298245614
2014,3,0.25,57,0.0526315789473684
2015,3,0.25,58,0.0517241379310345
2016,8,0.25,60,0.133333333333333
2017,5,0.25,69,0.072463768115942
2018,8,0.25,62,0.129032258064516
1969,1,0.3,32,0.03125
1970,0,0.3,35,0
1971,1,0.3,44,0.0227272727272727
1972,5,0.3,49,0.102040816326531
1973,4,0.3,41,0.0975609756097561
1974,4,0.3,45,0.0888888888888889
1975,4,0.3,36,0.111111111111111
1976,0,0.3,33,0
1977,2,0.3,55,0.0363636363636364
1978,1,0.3,35,0.0285714285714286
1979,3,0.3,42,0.0714285714285714
1980,7,0.3,45,0.155555555555556
1981,1,0.3,37,0.027027027027027
1982,2,0.3,38,0.0526315789473684
1983,1,0.3,35,0.0285714285714286
1984,3,0.3,41,0.0731707317073171
1985,2,0.3,55,0.0363636363636364
1986,4,0.3,47,0.0851063829787234
1987,2,0.3,36,0.0555555555555556
1988,0,0.3,36,0
1989,3,0.3,46,0.0652173913043478
1990,3,0.3,51,0.0588235294117647
1991,4,0.3,43,0.0930232558139535
1992,7,0.3,45,0.155555555555556
1993,4,0.3,44,0.0909090909090909
1994,4,0.3,38,0.105263157894737
1995,9,0.3,47,0.191489361702128
1996,5,0.3,38,0.131578947368421
1997,6,0.3,36,0.166666666666667
1998,5,0.3,52,0.0961538461538462
1999,6,0.3,49,0.122448979591837
2000,9,0.3,52,0.173076923076923
2001,9,0.3,67,0.134328358208955
2002,6,0.3,46,0.130434782608696
2003,5,0.3,44,0.113636363636364
2004,1,0.3,49,0.0204081632653061
2005,4,0.3,44,0.0909090909090909
2006,5,0.3,50,0.1
2007,6,0.3,65,0.0923076923076923
2008,4,0.3,53,0.0754716981132075
2009,6,0.3,48,0.125
2010,4,0.3,51,0.0784313725490196
2011,1,0.3,58,0.0172413793103448
2012,1,0.3,56,0.0178571428571429
2013,5,0.3,57,0.087719298245614
2014,3,0.3,57,0.0526315789473684
2015,3,0.3,58,0.0517241379310345
2016,8,0.3,60,0.133333333333333
2017,5,0.3,69,0.072463768115942
2018,8,0.3,62,0.129032258064516
1969,1,0.35,32,0.03125
1970,0,0.35,35,0
1971,1,0.35,44,0.0227272727272727
1972,5,0.35,49,0.102040816326531
1973,4,0.35,41,0.0975609756097561
1974,3,0.35,45,0.0666666666666667
1975,3,0.35,36,0.0833333333333333
1976,0,0.35,33,0
1977,2,0.35,55,0.0363636363636364
1978,1,0.35,35,0.0285714285714286
1979,3,0.35,42,0.0714285714285714
1980,5,0.35,45,0.111111111111111
1981,1,0.35,37,0.027027027027027
1982,2,0.35,38,0.0526315789473684
1983,1,0.35,35,0.0285714285714286
1984,3,0.35,41,0.0731707317073171
1985,2,0.35,55,0.0363636363636364
1986,4,0.35,47,0.0851063829787234
1987,1,0.35,36,0.0277777777777778
1988,0,0.35,36,0
1989,3,0.35,46,0.0652173913043478
1990,3,0.35,51,0.0588235294117647
1991,4,0.35,43,0.0930232558139535
1992,7,0.35,45,0.155555555555556
1993,3,0.35,44,0.0681818181818182
1994,2,0.35,38,0.0526315789473684
1995,9,0.35,47,0.191489361702128
1996,5,0.35,38,0.131578947368421
1997,5,0.35,36,0.138888888888889
1998,5,0.35,52,0.0961538461538462
1999,6,0.35,49,0.122448979591837
2000,7,0.35,52,0.134615384615385
2001,9,0.35,67,0.134328358208955
2002,6,0.35,46,0.130434782608696
2003,4,0.35,44,0.0909090909090909
2004,1,0.35,49,0.0204081632653061
2005,3,0.35,44,0.0681818181818182
2006,4,0.35,50,0.08
2007,6,0.35,65,0.0923076923076923
2008,4,0.35,53,0.0754716981132075
2009,6,0.35,48,0.125
2010,4,0.35,51,0.0784313725490196
2011,1,0.35,58,0.0172413793103448
2012,1,0.35,56,0.0178571428571429
2013,4,0.35,57,0.0701754385964912
2014,2,0.35,57,0.0350877192982456
2015,3,0.35,58,0.0517241379310345
2016,8,0.35,60,0.133333333333333
2017,4,0.35,69,0.0579710144927536
2018,8,0.35,62,0.129032258064516
1969,1,0.4,32,0.03125
1970,0,0.4,35,0
1971,1,0.4,44,0.0227272727272727
1972,5,0.4,49,0.102040816326531
1973,4,0.4,41,0.0975609756097561
1974,3,0.4,45,0.0666666666666667
1975,3,0.4,36,0.0833333333333333
1976,0,0.4,33,0
1977,2,0.4,55,0.0363636363636364
1978,1,0.4,35,0.0285714285714286
1979,2,0.4,42,0.0476190476190476
1980,5,0.4,45,0.111111111111111
1981,0,0.4,37,0
1982,2,0.4,38,0.0526315789473684
1983,1,0.4,35,0.0285714285714286
1984,3,0.4,41,0.0731707317073171
1985,2,0.4,55,0.0363636363636364
1986,2,0.4,47,0.0425531914893617
1987,1,0.4,36,0.0277777777777778
1988,0,0.4,36,0
1989,3,0.4,46,0.0652173913043478
1990,3,0.4,51,0.0588235294117647
1991,4,0.4,43,0.0930232558139535
1992,6,0.4,45,0.133333333333333
1993,3,0.4,44,0.0681818181818182
1994,2,0.4,38,0.0526315789473684
1995,8,0.4,47,0.170212765957447
1996,5,0.4,38,0.131578947368421
1997,5,0.4,36,0.138888888888889
1998,5,0.4,52,0.0961538461538462
1999,6,0.4,49,0.122448979591837
2000,7,0.4,52,0.134615384615385
2001,6,0.4,67,0.0895522388059701
2002,6,0.4,46,0.130434782608696
2003,4,0.4,44,0.0909090909090909
2004,1,0.4,49,0.0204081632653061
2005,3,0.4,44,0.0681818181818182
2006,4,0.4,50,0.08
2007,6,0.4,65,0.0923076923076923
2008,4,0.4,53,0.0754716981132075
2009,6,0.4,48,0.125
2010,4,0.4,51,0.0784313725490196
2011,1,0.4,58,0.0172413793103448
2012,1,0.4,56,0.0178571428571429
2013,3,0.4,57,0.0526315789473684
2014,2,0.4,57,0.0350877192982456
2015,3,0.4,58,0.0517241379310345
2016,8,0.4,60,0.133333333333333
2017,3,0.4,69,0.0434782608695652
2018,8,0.4,62,0.129032258064516
1969,1,0.45,32,0.03125
1970,0,0.45,35,0
1971,1,0.45,44,0.0227272727272727
1972,4,0.45,49,0.0816326530612245
1973,3,0.45,41,0.0731707317073171
1974,3,0.45,45,0.0666666666666667
1975,2,0.45,36,0.0555555555555556
1976,0,0.45,33,0
1977,1,0.45,55,0.0181818181818182
1978,1,0.45,35,0.0285714285714286
1979,2,0.45,42,0.0476190476190476
1980,4,0.45,45,0.0888888888888889
1981,0,0.45,37,0
1982,1,0.45,38,0.0263157894736842
1983,1,0.45,35,0.0285714285714286
1984,3,0.45,41,0.0731707317073171
1985,2,0.45,55,0.0363636363636364
1986,2,0.45,47,0.0425531914893617
1987,1,0.45,36,0.0277777777777778
1988,0,0.45,36,0
1989,1,0.45,46,0.0217391304347826
1990,2,0.45,51,0.0392156862745098
1991,4,0.45,43,0.0930232558139535
1992,6,0.45,45,0.133333333333333
1993,3,0.45,44,0.0681818181818182
1994,2,0.45,38,0.0526315789473684
1995,8,0.45,47,0.170212765957447
1996,5,0.45,38,0.131578947368421
1997,5,0.45,36,0.138888888888889
1998,5,0.45,52,0.0961538461538462
1999,5,0.45,49,0.102040816326531
2000,5,0.45,52,0.0961538461538462
2001,5,0.45,67,0.0746268656716418
2002,5,0.45,46,0.108695652173913
2003,4,0.45,44,0.0909090909090909
2004,1,0.45,49,0.0204081632653061
2005,3,0.45,44,0.0681818181818182
2006,3,0.45,50,0.06
2007,5,0.45,65,0.0769230769230769
2008,4,0.45,53,0.0754716981132075
2009,4,0.45,48,0.0833333333333333
2010,4,0.45,51,0.0784313725490196
2011,1,0.45,58,0.0172413793103448
2012,1,0.45,56,0.0178571428571429
2013,3,0.45,57,0.0526315789473684
2014,2,0.45,57,0.0350877192982456
2015,2,0.45,58,0.0344827586206897
2016,8,0.45,60,0.133333333333333
2017,3,0.45,69,0.0434782608695652
2018,8,0.45,62,0.129032258064516
1969,1,0.5,32,0.03125
1970,0,0.5,35,0
1971,1,0.5,44,0.0227272727272727
1972,4,0.5,49,0.0816326530612245
1973,3,0.5,41,0.0731707317073171
1974,3,0.5,45,0.0666666666666667
1975,2,0.5,36,0.0555555555555556
1976,0,0.5,33,0
1977,1,0.5,55,0.0181818181818182
1978,1,0.5,35,0.0285714285714286
1979,2,0.5,42,0.0476190476190476
1980,4,0.5,45,0.0888888888888889
1981,0,0.5,37,0
1982,1,0.5,38,0.0263157894736842
1983,1,0.5,35,0.0285714285714286
1984,3,0.5,41,0.0731707317073171
1985,2,0.5,55,0.0363636363636364
1986,2,0.5,47,0.0425531914893617
1987,1,0.5,36,0.0277777777777778
1988,0,0.5,36,0
1989,1,0.5,46,0.0217391304347826
1990,2,0.5,51,0.0392156862745098
1991,4,0.5,43,0.0930232558139535
1992,6,0.5,45,0.133333333333333
1993,2,0.5,44,0.0454545454545455
1994,2,0.5,38,0.0526315789473684
1995,8,0.5,47,0.170212765957447
1996,4,0.5,38,0.105263157894737
1997,4,0.5,36,0.111111111111111
1998,4,0.5,52,0.0769230769230769
1999,5,0.5,49,0.102040816326531
2000,5,0.5,52,0.0961538461538462
2001,5,0.5,67,0.0746268656716418
2002,5,0.5,46,0.108695652173913
2003,4,0.5,44,0.0909090909090909
2004,1,0.5,49,0.0204081632653061
2005,3,0.5,44,0.0681818181818182
2006,3,0.5,50,0.06
2007,5,0.5,65,0.0769230769230769
2008,3,0.5,53,0.0566037735849057
2009,4,0.5,48,0.0833333333333333
2010,4,0.5,51,0.0784313725490196
2011,1,0.5,58,0.0172413793103448
2012,1,0.5,56,0.0178571428571429
2013,3,0.5,57,0.0526315789473684
2014,2,0.5,57,0.0350877192982456
2015,2,0.5,58,0.0344827586206897
2016,7,0.5,60,0.116666666666667
2017,3,0.5,69,0.0434782608695652
2018,7,0.5,62,0.112903225806452
1969,1,0.55,32,0.03125
1970,0,0.55,35,0
1971,1,0.55,44,0.0227272727272727
1972,4,0.55,49,0.0816326530612245
1973,3,0.55,41,0.0731707317073171
1974,2,0.55,45,0.0444444444444444
1975,1,0.55,36,0.0277777777777778
1976,0,0.55,33,0
1977,1,0.55,55,0.0181818181818182
1978,1,0.55,35,0.0285714285714286
1979,2,0.55,42,0.0476190476190476
1980,4,0.55,45,0.0888888888888889
1981,0,0.55,37,0
1982,1,0.55,38,0.0263157894736842
1983,0,0.55,35,0
1984,3,0.55,41,0.0731707317073171
1985,2,0.55,55,0.0363636363636364
1986,2,0.55,47,0.0425531914893617
1987,1,0.55,36,0.0277777777777778
1988,0,0.55,36,0
1989,1,0.55,46,0.0217391304347826
1990,2,0.55,51,0.0392156862745098
1991,3,0.55,43,0.0697674418604651
1992,6,0.55,45,0.133333333333333
1993,2,0.55,44,0.0454545454545455
1994,2,0.55,38,0.0526315789473684
1995,8,0.55,47,0.170212765957447
1996,4,0.55,38,0.105263157894737
1997,4,0.55,36,0.111111111111111
1998,3,0.55,52,0.0576923076923077
1999,4,0.55,49,0.0816326530612245
2000,5,0.55,52,0.0961538461538462
2001,5,0.55,67,0.0746268656716418
2002,5,0.55,46,0.108695652173913
2003,4,0.55,44,0.0909090909090909
2004,1,0.55,49,0.0204081632653061
2005,3,0.55,44,0.0681818181818182
2006,3,0.55,50,0.06
2007,5,0.55,65,0.0769230769230769
2008,2,0.55,53,0.0377358490566038
2009,4,0.55,48,0.0833333333333333
2010,4,0.55,51,0.0784313725490196
2011,1,0.55,58,0.0172413793103448
2012,1,0.55,56,0.0178571428571429
2013,3,0.55,57,0.0526315789473684
2014,2,0.55,57,0.0350877192982456
2015,2,0.55,58,0.0344827586206897
2016,7,0.55,60,0.116666666666667
2017,3,0.55,69,0.0434782608695652
2018,7,0.55,62,0.112903225806452
1969,1,0.6,32,0.03125
1970,0,0.6,35,0
1971,0,0.6,44,0
1972,4,0.6,49,0.0816326530612245
1973,3,0.6,41,0.0731707317073171
1974,2,0.6,45,0.0444444444444444
1975,1,0.6,36,0.0277777777777778
1976,0,0.6,33,0
1977,1,0.6,55,0.0181818181818182
1978,1,0.6,35,0.0285714285714286
1979,1,0.6,42,0.0238095238095238
1980,4,0.6,45,0.0888888888888889
1981,0,0.6,37,0
1982,1,0.6,38,0.0263157894736842
1983,0,0.6,35,0
1984,3,0.6,41,0.0731707317073171
1985,1,0.6,55,0.0181818181818182
1986,2,0.6,47,0.0425531914893617
1987,0,0.6,36,0
1988,0,0.6,36,0
1989,1,0.6,46,0.0217391304347826
1990,2,0.6,51,0.0392156862745098
1991,3,0.6,43,0.0697674418604651
1992,4,0.6,45,0.0888888888888889
1993,2,0.6,44,0.0454545454545455
1994,2,0.6,38,0.0526315789473684
1995,6,0.6,47,0.127659574468085
1996,4,0.6,38,0.105263157894737
1997,4,0.6,36,0.111111111111111
1998,3,0.6,52,0.0576923076923077
1999,4,0.6,49,0.0816326530612245
2000,4,0.6,52,0.0769230769230769
2001,5,0.6,67,0.0746268656716418
2002,5,0.6,46,0.108695652173913
2003,3,0.6,44,0.0681818181818182
2004,1,0.6,49,0.0204081632653061
2005,3,0.6,44,0.0681818181818182
2006,0,0.6,50,0
2007,5,0.6,65,0.0769230769230769
2008,2,0.6,53,0.0377358490566038
2009,4,0.6,48,0.0833333333333333
2010,4,0.6,51,0.0784313725490196
2011,1,0.6,58,0.0172413793103448
2012,1,0.6,56,0.0178571428571429
2013,3,0.6,57,0.0526315789473684
2014,2,0.6,57,0.0350877192982456
2015,2,0.6,58,0.0344827586206897
2016,7,0.6,60,0.116666666666667
2017,3,0.6,69,0.0434782608695652
2018,7,0.6,62,0.112903225806452
1969,1,0.65,32,0.03125
1970,0,0.65,35,0
1971,0,0.65,44,0
1972,3,0.65,49,0.0612244897959184
1973,3,0.65,41,0.0731707317073171
1974,2,0.65,45,0.0444444444444444
1975,1,0.65,36,0.0277777777777778
1976,0,0.65,33,0
1977,1,0.65,55,0.0181818181818182
1978,1,0.65,35,0.0285714285714286
1979,1,0.65,42,0.0238095238095238
1980,4,0.65,45,0.0888888888888889
1981,0,0.65,37,0
1982,1,0.65,38,0.0263157894736842
1983,0,0.65,35,0
1984,3,0.65,41,0.0731707317073171
1985,1,0.65,55,0.0181818181818182
1986,2,0.65,47,0.0425531914893617
1987,0,0.65,36,0
1988,0,0.65,36,0
1989,0,0.65,46,0
1990,2,0.65,51,0.0392156862745098
1991,3,0.65,43,0.0697674418604651
1992,4,0.65,45,0.0888888888888889
1993,2,0.65,44,0.0454545454545455
1994,2,0.65,38,0.0526315789473684
1995,6,0.65,47,0.127659574468085
1996,4,0.65,38,0.105263157894737
1997,4,0.65,36,0.111111111111111
1998,3,0.65,52,0.0576923076923077
1999,4,0.65,49,0.0816326530612245
2000,4,0.65,52,0.0769230769230769
2001,5,0.65,67,0.0746268656716418
2002,4,0.65,46,0.0869565217391304
2003,2,0.65,44,0.0454545454545455
2004,1,0.65,49,0.0204081632653061
2005,3,0.65,44,0.0681818181818182
2006,0,0.65,50,0
2007,5,0.65,65,0.0769230769230769
2008,2,0.65,53,0.0377358490566038
2009,4,0.65,48,0.0833333333333333
2010,4,0.65,51,0.0784313725490196
2011,1,0.65,58,0.0172413793103448
2012,1,0.65,56,0.0178571428571429
2013,3,0.65,57,0.0526315789473684
2014,2,0.65,57,0.0350877192982456
2015,2,0.65,58,0.0344827586206897
2016,6,0.65,60,0.1
2017,2,0.65,69,0.0289855072463768
2018,7,0.65,62,0.112903225806452
1969,1,0.7,32,0.03125
1970,0,0.7,35,0
1971,0,0.7,44,0
1972,3,0.7,49,0.0612244897959184
1973,3,0.7,41,0.0731707317073171
1974,2,0.7,45,0.0444444444444444
1975,1,0.7,36,0.0277777777777778
1976,0,0.7,33,0
1977,1,0.7,55,0.0181818181818182
1978,1,0.7,35,0.0285714285714286
1979,1,0.7,42,0.0238095238095238
1980,4,0.7,45,0.0888888888888889
1981,0,0.7,37,0
1982,1,0.7,38,0.0263157894736842
1983,0,0.7,35,0
1984,3,0.7,41,0.0731707317073171
1985,1,0.7,55,0.0181818181818182
1986,2,0.7,47,0.0425531914893617
1987,0,0.7,36,0
1988,0,0.7,36,0
1989,0,0.7,46,0
1990,2,0.7,51,0.0392156862745098
1991,3,0.7,43,0.0697674418604651
1992,4,0.7,45,0.0888888888888889
1993,2,0.7,44,0.0454545454545455
1994,2,0.7,38,0.0526315789473684
1995,6,0.7,47,0.127659574468085
1996,4,0.7,38,0.105263157894737
1997,4,0.7,36,0.111111111111111
1998,3,0.7,52,0.0576923076923077
1999,4,0.7,49,0.0816326530612245
2000,4,0.7,52,0.0769230769230769
2001,5,0.7,67,0.0746268656716418
2002,4,0.7,46,0.0869565217391304
2003,2,0.7,44,0.0454545454545455
2004,1,0.7,49,0.0204081632653061
2005,3,0.7,44,0.0681818181818182
2006,0,0.7,50,0
2007,5,0.7,65,0.0769230769230769
2008,2,0.7,53,0.0377358490566038
2009,4,0.7,48,0.0833333333333333
2010,3,0.7,51,0.0588235294117647
2011,1,0.7,58,0.0172413793103448
2012,1,0.7,56,0.0178571428571429
2013,3,0.7,57,0.0526315789473684
2014,2,0.7,57,0.0350877192982456
2015,2,0.7,58,0.0344827586206897
2016,6,0.7,60,0.1
2017,2,0.7,69,0.0289855072463768
2018,7,0.7,62,0.112903225806452
1969,1,0.75,32,0.03125
1970,0,0.75,35,0
1971,0,0.75,44,0
1972,3,0.75,49,0.0612244897959184
1973,2,0.75,41,0.0487804878048781
1974,2,0.75,45,0.0444444444444444
1975,1,0.75,36,0.0277777777777778
1976,0,0.75,33,0
1977,1,0.75,55,0.0181818181818182
1978,1,0.75,35,0.0285714285714286
1979,1,0.75,42,0.0238095238095238
1980,4,0.75,45,0.0888888888888889
1981,0,0.75,37,0
1982,1,0.75,38,0.0263157894736842
1983,0,0.75,35,0
1984,3,0.75,41,0.0731707317073171
1985,1,0.75,55,0.0181818181818182
1986,2,0.75,47,0.0425531914893617
1987,0,0.75,36,0
1988,0,0.75,36,0
1989,0,0.75,46,0
1990,2,0.75,51,0.0392156862745098
1991,3,0.75,43,0.0697674418604651
1992,4,0.75,45,0.0888888888888889
1993,2,0.75,44,0.0454545454545455
1994,2,0.75,38,0.0526315789473684
1995,6,0.75,47,0.127659574468085
1996,4,0.75,38,0.105263157894737
1997,4,0.75,36,0.111111111111111
1998,3,0.75,52,0.0576923076923077
1999,4,0.75,49,0.0816326530612245
2000,4,0.75,52,0.0769230769230769
2001,5,0.75,67,0.0746268656716418
2002,4,0.75,46,0.0869565217391304
2003,2,0.75,44,0.0454545454545455
2004,1,0.75,49,0.0204081632653061
2005,3,0.75,44,0.0681818181818182
2006,0,0.75,50,0
2007,5,0.75,65,0.0769230769230769
2008,2,0.75,53,0.0377358490566038
2009,4,0.75,48,0.0833333333333333
2010,3,0.75,51,0.0588235294117647
2011,1,0.75,58,0.0172413793103448
2012,1,0.75,56,0.0178571428571429
2013,3,0.75,57,0.0526315789473684
2014,2,0.75,57,0.0350877192982456
2015,2,0.75,58,0.0344827586206897
2016,6,0.75,60,0.1
2017,2,0.75,69,0.0289855072463768
2018,5,0.75,62,0.0806451612903226
1969,1,0.8,32,0.03125
1970,0,0.8,35,0
1971,0,0.8,44,0
1972,3,0.8,49,0.0612244897959184
1973,1,0.8,41,0.024390243902439
1974,2,0.8,45,0.0444444444444444
1975,1,0.8,36,0.0277777777777778
1976,0,0.8,33,0
1977,1,0.8,55,0.0181818181818182
1978,1,0.8,35,0.0285714285714286
1979,1,0.8,42,0.0238095238095238
1980,4,0.8,45,0.0888888888888889
1981,0,0.8,37,0
1982,1,0.8,38,0.0263157894736842
1983,0,0.8,35,0
1984,3,0.8,41,0.0731707317073171
1985,1,0.8,55,0.0181818181818182
1986,2,0.8,47,0.0425531914893617
1987,0,0.8,36,0
1988,0,0.8,36,0
1989,0,0.8,46,0
1990,2,0.8,51,0.0392156862745098
1991,3,0.8,43,0.0697674418604651
1992,4,0.8,45,0.0888888888888889
1993,2,0.8,44,0.0454545454545455
1994,2,0.8,38,0.0526315789473684
1995,6,0.8,47,0.127659574468085
1996,3,0.8,38,0.0789473684210526
1997,4,0.8,36,0.111111111111111
1998,3,0.8,52,0.0576923076923077
1999,2,0.8,49,0.0408163265306122
2000,2,0.8,52,0.0384615384615385
2001,4,0.8,67,0.0597014925373134
2002,3,0.8,46,0.0652173913043478
2003,2,0.8,44,0.0454545454545455
2004,0,0.8,49,0
2005,3,0.8,44,0.0681818181818182
2006,0,0.8,50,0
2007,5,0.8,65,0.0769230769230769
2008,2,0.8,53,0.0377358490566038
2009,3,0.8,48,0.0625
2010,3,0.8,51,0.0588235294117647
2011,1,0.8,58,0.0172413793103448
2012,1,0.8,56,0.0178571428571429
2013,3,0.8,57,0.0526315789473684
2014,2,0.8,57,0.0350877192982456
2015,2,0.8,58,0.0344827586206897
2016,6,0.8,60,0.1
2017,2,0.8,69,0.0289855072463768
2018,5,0.8,62,0.0806451612903226
1969,0,0.85,32,0
1970,0,0.85,35,0
1971,0,0.85,44,0
1972,3,0.85,49,0.0612244897959184
1973,1,0.85,41,0.024390243902439
1974,1,0.85,45,0.0222222222222222
1975,1,0.85,36,0.0277777777777778
1976,0,0.85,33,0
1977,1,0.85,55,0.0181818181818182
1978,1,0.85,35,0.0285714285714286
1979,1,0.85,42,0.0238095238095238
1980,4,0.85,45,0.0888888888888889
1981,0,0.85,37,0
1982,1,0.85,38,0.0263157894736842
1983,0,0.85,35,0
1984,3,0.85,41,0.0731707317073171
1985,1,0.85,55,0.0181818181818182
1986,2,0.85,47,0.0425531914893617
1987,0,0.85,36,0
1988,0,0.85,36,0
1989,0,0.85,46,0
1990,2,0.85,51,0.0392156862745098
1991,3,0.85,43,0.0697674418604651
1992,4,0.85,45,0.0888888888888889
1993,2,0.85,44,0.0454545454545455
1994,2,0.85,38,0.0526315789473684
1995,6,0.85,47,0.127659574468085
1996,3,0.85,38,0.0789473684210526
1997,4,0.85,36,0.111111111111111
1998,3,0.85,52,0.0576923076923077
1999,2,0.85,49,0.0408163265306122
2000,2,0.85,52,0.0384615384615385
2001,3,0.85,67,0.0447761194029851
2002,3,0.85,46,0.0652173913043478
2003,2,0.85,44,0.0454545454545455
2004,0,0.85,49,0
2005,3,0.85,44,0.0681818181818182
2006,0,0.85,50,0
2007,5,0.85,65,0.0769230769230769
2008,1,0.85,53,0.0188679245283019
2009,3,0.85,48,0.0625
2010,3,0.85,51,0.0588235294117647
2011,1,0.85,58,0.0172413793103448
2012,1,0.85,56,0.0178571428571429
2013,3,0.85,57,0.0526315789473684
2014,2,0.85,57,0.0350877192982456
2015,2,0.85,58,0.0344827586206897
2016,5,0.85,60,0.0833333333333333
2017,2,0.85,69,0.0289855072463768
2018,3,0.85,62,0.0483870967741935
1969,0,0.9,32,0
1970,0,0.9,35,0
1971,0,0.9,44,0
1972,2,0.9,49,0.0408163265306122
1973,1,0.9,41,0.024390243902439
1974,1,0.9,45,0.0222222222222222
1975,1,0.9,36,0.0277777777777778
1976,0,0.9,33,0
1977,1,0.9,55,0.0181818181818182
1978,1,0.9,35,0.0285714285714286
1979,1,0.9,42,0.0238095238095238
1980,3,0.9,45,0.0666666666666667
1981,0,0.9,37,0
1982,1,0.9,38,0.0263157894736842
1983,0,0.9,35,0
1984,3,0.9,41,0.0731707317073171
1985,1,0.9,55,0.0181818181818182
1986,2,0.9,47,0.0425531914893617
1987,0,0.9,36,0
1988,0,0.9,36,0
1989,0,0.9,46,0
1990,2,0.9,51,0.0392156862745098
1991,3,0.9,43,0.0697674418604651
1992,4,0.9,45,0.0888888888888889
1993,2,0.9,44,0.0454545454545455
1994,2,0.9,38,0.0526315789473684
1995,4,0.9,47,0.0851063829787234
1996,3,0.9,38,0.0789473684210526
1997,3,0.9,36,0.0833333333333333
1998,3,0.9,52,0.0576923076923077
1999,2,0.9,49,0.0408163265306122
2000,2,0.9,52,0.0384615384615385
2001,3,0.9,67,0.0447761194029851
2002,3,0.9,46,0.0652173913043478
2003,2,0.9,44,0.0454545454545455
2004,0,0.9,49,0
2005,2,0.9,44,0.0454545454545455
2006,0,0.9,50,0
2007,5,0.9,65,0.0769230769230769
2008,1,0.9,53,0.0188679245283019
2009,3,0.9,48,0.0625
2010,3,0.9,51,0.0588235294117647
2011,1,0.9,58,0.0172413793103448
2012,1,0.9,56,0.0178571428571429
2013,3,0.9,57,0.0526315789473684
2014,2,0.9,57,0.0350877192982456
2015,2,0.9,58,0.0344827586206897
2016,5,0.9,60,0.0833333333333333
2017,1,0.9,69,0.0144927536231884
2018,3,0.9,62,0.0483870967741935
1969,0,0.95,32,0
1970,0,0.95,35,0
1971,0,0.95,44,0
1972,2,0.95,49,0.0408163265306122
1973,1,0.95,41,0.024390243902439
1974,1,0.95,45,0.0222222222222222
1975,1,0.95,36,0.0277777777777778
1976,0,0.95,33,0
1977,1,0.95,55,0.0181818181818182
1978,1,0.95,35,0.0285714285714286
1979,1,0.95,42,0.0238095238095238
1980,3,0.95,45,0.0666666666666667
1981,0,0.95,37,0
1982,1,0.95,38,0.0263157894736842
1983,0,0.95,35,0
1984,3,0.95,41,0.0731707317073171
1985,1,0.95,55,0.0181818181818182
1986,2,0.95,47,0.0425531914893617
1987,0,0.95,36,0
1988,0,0.95,36,0
1989,0,0.95,46,0
1990,2,0.95,51,0.0392156862745098
1991,3,0.95,43,0.0697674418604651
1992,4,0.95,45,0.0888888888888889
1993,2,0.95,44,0.0454545454545455
1994,2,0.95,38,0.0526315789473684
1995,4,0.95,47,0.0851063829787234
1996,3,0.95,38,0.0789473684210526
1997,3,0.95,36,0.0833333333333333
1998,2,0.95,52,0.0384615384615385
1999,2,0.95,49,0.0408163265306122
2000,2,0.95,52,0.0384615384615385
2001,3,0.95,67,0.0447761194029851
2002,3,0.95,46,0.0652173913043478
2003,2,0.95,44,0.0454545454545455
2004,0,0.95,49,0
2005,2,0.95,44,0.0454545454545455
2006,0,0.95,50,0
2007,5,0.95,65,0.0769230769230769
2008,1,0.95,53,0.0188679245283019
2009,3,0.95,48,0.0625
2010,2,0.95,51,0.0392156862745098
2011,1,0.95,58,0.0172413793103448
2012,1,0.95,56,0.0178571428571429
2013,3,0.95,57,0.0526315789473684
2014,0,0.95,57,0
2015,2,0.95,58,0.0344827586206897
2016,5,0.95,60,0.0833333333333333
2017,1,0.95,69,0.0144927536231884
2018,3,0.95,62,0.0483870967741935
1969,0,1,32,0
1970,0,1,35,0
1971,0,1,44,0
1972,2,1,49,0.0408163265306122
1973,1,1,41,0.024390243902439
1974,1,1,45,0.0222222222222222
1975,1,1,36,0.0277777777777778
1976,0,1,33,0
1977,1,1,55,0.0181818181818182
1978,1,1,35,0.0285714285714286
1979,1,1,42,0.0238095238095238
1980,3,1,45,0.0666666666666667
1981,0,1,37,0
1982,1,1,38,0.0263157894736842
1983,0,1,35,0
1984,1,1,41,0.024390243902439
1985,1,1,55,0.0181818181818182
1986,2,1,47,0.0425531914893617
1987,0,1,36,0
1988,0,1,36,0
1989,0,1,46,0
1990,2,1,51,0.0392156862745098
1991,3,1,43,0.0697674418604651
1992,4,1,45,0.0888888888888889
1993,1,1,44,0.0227272727272727
1994,2,1,38,0.0526315789473684
1995,3,1,47,0.0638297872340425
1996,3,1,38,0.0789473684210526
1997,3,1,36,0.0833333333333333
1998,2,1,52,0.0384615384615385
1999,2,1,49,0.0408163265306122
2000,2,1,52,0.0384615384615385
2001,3,1,67,0.0447761194029851
2002,3,1,46,0.0652173913043478
2003,2,1,44,0.0454545454545455
2004,0,1,49,0
2005,2,1,44,0.0454545454545455
2006,0,1,50,0
2007,5,1,65,0.0769230769230769
2008,1,1,53,0.0188679245283019
2009,3,1,48,0.0625
2010,2,1,51,0.0392156862745098
2011,1,1,58,0.0172413793103448
2012,1,1,56,0.0178571428571429
2013,3,1,57,0.0526315789473684
2014,0,1,57,0
2015,2,1,58,0.0344827586206897
2016,3,1,60,0.05
2017,1,1,69,0.0144927536231884
2018,2,1,62,0.032258064516129
1969,0,1.05,32,0
1970,0,1.05,35,0
1971,0,1.05,44,0
1972,2,1.05,49,0.0408163265306122
1973,1,1.05,41,0.024390243902439
1974,1,1.05,45,0.0222222222222222
1975,1,1.05,36,0.0277777777777778
1976,0,1.05,33,0
1977,1,1.05,55,0.0181818181818182
1978,1,1.05,35,0.0285714285714286
1979,1,1.05,42,0.0238095238095238
1980,3,1.05,45,0.0666666666666667
1981,0,1.05,37,0
1982,1,1.05,38,0.0263157894736842
1983,0,1.05,35,0
1984,1,1.05,41,0.024390243902439
1985,1,1.05,55,0.0181818181818182
1986,2,1.05,47,0.0425531914893617
1987,0,1.05,36,0
1988,0,1.05,36,0
1989,0,1.05,46,0
1990,2,1.05,51,0.0392156862745098
1991,3,1.05,43,0.0697674418604651
1992,4,1.05,45,0.0888888888888889
1993,1,1.05,44,0.0227272727272727
1994,2,1.05,38,0.0526315789473684
1995,3,1.05,47,0.0638297872340425
1996,3,1.05,38,0.0789473684210526
1997,3,1.05,36,0.0833333333333333
1998,2,1.05,52,0.0384615384615385
1999,2,1.05,49,0.0408163265306122
2000,2,1.05,52,0.0384615384615385
2001,3,1.05,67,0.0447761194029851
2002,3,1.05,46,0.0652173913043478
2003,2,1.05,44,0.0454545454545455
2004,0,1.05,49,0
2005,2,1.05,44,0.0454545454545455
2006,0,1.05,50,0
2007,5,1.05,65,0.0769230769230769
2008,1,1.05,53,0.0188679245283019
2009,3,1.05,48,0.0625
2010,2,1.05,51,0.0392156862745098
2011,1,1.05,58,0.0172413793103448
2012,1,1.05,56,0.0178571428571429
2013,1,1.05,57,0.0175438596491228
2014,0,1.05,57,0
2015,2,1.05,58,0.0344827586206897
2016,3,1.05,60,0.05
2017,1,1.05,69,0.0144927536231884
2018,2,1.05,62,0.032258064516129
1969,0,1.1,32,0
1970,0,1.1,35,0
1971,0,1.1,44,0
1972,1,1.1,49,0.0204081632653061
1973,1,1.1,41,0.024390243902439
1974,1,1.1,45,0.0222222222222222
1975,1,1.1,36,0.0277777777777778
1976,0,1.1,33,0
1977,1,1.1,55,0.0181818181818182
1978,1,1.1,35,0.0285714285714286
1979,1,1.1,42,0.0238095238095238
1980,3,1.1,45,0.0666666666666667
1981,0,1.1,37,0
1982,1,1.1,38,0.0263157894736842
1983,0,1.1,35,0
1984,1,1.1,41,0.024390243902439
1985,1,1.1,55,0.0181818181818182
1986,1,1.1,47,0.0212765957446809
1987,0,1.1,36,0
1988,0,1.1,36,0
1989,0,1.1,46,0
1990,2,1.1,51,0.0392156862745098
1991,2,1.1,43,0.0465116279069767
1992,4,1.1,45,0.0888888888888889
1993,1,1.1,44,0.0227272727272727
1994,2,1.1,38,0.0526315789473684
1995,3,1.1,47,0.0638297872340425
1996,2,1.1,38,0.0526315789473684
1997,3,1.1,36,0.0833333333333333
1998,2,1.1,52,0.0384615384615385
1999,2,1.1,49,0.0408163265306122
2000,2,1.1,52,0.0384615384615385
2001,3,1.1,67,0.0447761194029851
2002,1,1.1,46,0.0217391304347826
2003,2,1.1,44,0.0454545454545455
2004,0,1.1,49,0
2005,2,1.1,44,0.0454545454545455
2006,0,1.1,50,0
2007,4,1.1,65,0.0615384615384615
2008,1,1.1,53,0.0188679245283019
2009,3,1.1,48,0.0625
2010,2,1.1,51,0.0392156862745098
2011,1,1.1,58,0.0172413793103448
2012,1,1.1,56,0.0178571428571429
2013,0,1.1,57,0
2014,0,1.1,57,0
2015,2,1.1,58,0.0344827586206897
2016,3,1.1,60,0.05
2017,1,1.1,69,0.0144927536231884
2018,2,1.1,62,0.032258064516129
1969,0,1.15,32,0
1970,0,1.15,35,0
1971,0,1.15,44,0
1972,1,1.15,49,0.0204081632653061
1973,1,1.15,41,0.024390243902439
1974,1,1.15,45,0.0222222222222222
1975,1,1.15,36,0.0277777777777778
1976,0,1.15,33,0
1977,1,1.15,55,0.0181818181818182
1978,1,1.15,35,0.0285714285714286
1979,1,1.15,42,0.0238095238095238
1980,3,1.15,45,0.0666666666666667
1981,0,1.15,37,0
1982,1,1.15,38,0.0263157894736842
1983,0,1.15,35,0
1984,1,1.15,41,0.024390243902439
1985,1,1.15,55,0.0181818181818182
1986,1,1.15,47,0.0212765957446809
1987,0,1.15,36,0
1988,0,1.15,36,0
1989,0,1.15,46,0
1990,2,1.15,51,0.0392156862745098
1991,2,1.15,43,0.0465116279069767
1992,4,1.15,45,0.0888888888888889
1993,1,1.15,44,0.0227272727272727
1994,2,1.15,38,0.0526315789473684
1995,3,1.15,47,0.0638297872340425
1996,2,1.15,38,0.0526315789473684
1997,3,1.15,36,0.0833333333333333
1998,2,1.15,52,0.0384615384615385
1999,2,1.15,49,0.0408163265306122
2000,2,1.15,52,0.0384615384615385
2001,3,1.15,67,0.0447761194029851
2002,1,1.15,46,0.0217391304347826
2003,2,1.15,44,0.0454545454545455
2004,0,1.15,49,0
2005,1,1.15,44,0.0227272727272727
2006,0,1.15,50,0
2007,4,1.15,65,0.0615384615384615
2008,1,1.15,53,0.0188679245283019
2009,3,1.15,48,0.0625
2010,1,1.15,51,0.0196078431372549
2011,1,1.15,58,0.0172413793103448
2012,1,1.15,56,0.0178571428571429
2013,0,1.15,57,0
2014,0,1.15,57,0
2015,2,1.15,58,0.0344827586206897
2016,3,1.15,60,0.05
2017,1,1.15,69,0.0144927536231884
2018,2,1.15,62,0.032258064516129
1969,0,1.2,32,0
1970,0,1.2,35,0
1971,0,1.2,44,0
1972,1,1.2,49,0.0204081632653061
1973,1,1.2,41,0.024390243902439
1974,1,1.2,45,0.0222222222222222
1975,1,1.2,36,0.0277777777777778
1976,0,1.2,33,0
1977,1,1.2,55,0.0181818181818182
1978,1,1.2,35,0.0285714285714286
1979,1,1.2,42,0.0238095238095238
1980,2,1.2,45,0.0444444444444444
1981,0,1.2,37,0
1982,1,1.2,38,0.0263157894736842
1983,0,1.2,35,0
1984,1,1.2,41,0.024390243902439
1985,1,1.2,55,0.0181818181818182
1986,1,1.2,47,0.0212765957446809
1987,0,1.2,36,0
1988,0,1.2,36,0
1989,0,1.2,46,0
1990,2,1.2,51,0.0392156862745098
1991,2,1.2,43,0.0465116279069767
1992,3,1.2,45,0.0666666666666667
1993,1,1.2,44,0.0227272727272727
1994,2,1.2,38,0.0526315789473684
1995,3,1.2,47,0.0638297872340425
1996,1,1.2,38,0.0263157894736842
1997,3,1.2,36,0.0833333333333333
1998,2,1.2,52,0.0384615384615385
1999,2,1.2,49,0.0408163265306122
2000,2,1.2,52,0.0384615384615385
2001,3,1.2,67,0.0447761194029851
2002,1,1.2,46,0.0217391304347826
2003,2,1.2,44,0.0454545454545455
2004,0,1.2,49,0
2005,1,1.2,44,0.0227272727272727
2006,0,1.2,50,0
2007,4,1.2,65,0.0615384615384615
2008,1,1.2,53,0.0188679245283019
2009,3,1.2,48,0.0625
2010,1,1.2,51,0.0196078431372549
2011,1,1.2,58,0.0172413793103448
2012,1,1.2,56,0.0178571428571429
2013,0,1.2,57,0
2014,0,1.2,57,0
2015,1,1.2,58,0.0172413793103448
2016,3,1.2,60,0.05
2017,1,1.2,69,0.0144927536231884
2018,2,1.2,62,0.032258064516129
1969,0,1.25,32,0
1970,0,1.25,35,0
1971,0,1.25,44,0
1972,1,1.25,49,0.0204081632653061
1973,1,1.25,41,0.024390243902439
1974,1,1.25,45,0.0222222222222222
1975,1,1.25,36,0.0277777777777778
1976,0,1.25,33,0
1977,1,1.25,55,0.0181818181818182
1978,1,1.25,35,0.0285714285714286
1979,1,1.25,42,0.0238095238095238
1980,2,1.25,45,0.0444444444444444
1981,0,1.25,37,0
1982,1,1.25,38,0.0263157894736842
1983,0,1.25,35,0
1984,0,1.25,41,0
1985,1,1.25,55,0.0181818181818182
1986,1,1.25,47,0.0212765957446809
1987,0,1.25,36,0
1988,0,1.25,36,0
1989,0,1.25,46,0
1990,2,1.25,51,0.0392156862745098
1991,2,1.25,43,0.0465116279069767
1992,3,1.25,45,0.0666666666666667
1993,1,1.25,44,0.0227272727272727
1994,2,1.25,38,0.0526315789473684
1995,2,1.25,47,0.0425531914893617
1996,1,1.25,38,0.0263157894736842
1997,3,1.25,36,0.0833333333333333
1998,2,1.25,52,0.0384615384615385
1999,1,1.25,49,0.0204081632653061
2000,2,1.25,52,0.0384615384615385
2001,3,1.25,67,0.0447761194029851
2002,1,1.25,46,0.0217391304347826
2003,0,1.25,44,0
2004,0,1.25,49,0
2005,1,1.25,44,0.0227272727272727
2006,0,1.25,50,0
2007,3,1.25,65,0.0461538461538462
2008,1,1.25,53,0.0188679245283019
2009,3,1.25,48,0.0625
2010,1,1.25,51,0.0196078431372549
2011,1,1.25,58,0.0172413793103448
2012,1,1.25,56,0.0178571428571429
2013,0,1.25,57,0
2014,0,1.25,57,0
2015,1,1.25,58,0.0172413793103448
2016,3,1.25,60,0.05
2017,1,1.25,69,0.0144927536231884
2018,2,1.25,62,0.032258064516129
1969,0,1.3,32,0
1970,0,1.3,35,0
1971,0,1.3,44,0
1972,1,1.3,49,0.0204081632653061
1973,1,1.3,41,0.024390243902439
1974,1,1.3,45,0.0222222222222222
1975,1,1.3,36,0.0277777777777778
1976,0,1.3,33,0
1977,1,1.3,55,0.0181818181818182
1978,1,1.3,35,0.0285714285714286
1979,1,1.3,42,0.0238095238095238
1980,2,1.3,45,0.0444444444444444
1981,0,1.3,37,0
1982,1,1.3,38,0.0263157894736842
1983,0,1.3,35,0
1984,0,1.3,41,0
1985,1,1.3,55,0.0181818181818182
1986,0,1.3,47,0
1987,0,1.3,36,0
1988,0,1.3,36,0
1989,0,1.3,46,0
1990,2,1.3,51,0.0392156862745098
1991,2,1.3,43,0.0465116279069767
1992,3,1.3,45,0.0666666666666667
1993,1,1.3,44,0.0227272727272727
1994,1,1.3,38,0.0263157894736842
1995,1,1.3,47,0.0212765957446809
1996,1,1.3,38,0.0263157894736842
1997,3,1.3,36,0.0833333333333333
1998,2,1.3,52,0.0384615384615385
1999,1,1.3,49,0.0204081632653061
2000,2,1.3,52,0.0384615384615385
2001,3,1.3,67,0.0447761194029851
2002,1,1.3,46,0.0217391304347826
2003,0,1.3,44,0
2004,0,1.3,49,0
2005,1,1.3,44,0.0227272727272727
2006,0,1.3,50,0
2007,3,1.3,65,0.0461538461538462
2008,1,1.3,53,0.0188679245283019
2009,3,1.3,48,0.0625
2010,1,1.3,51,0.0196078431372549
2011,1,1.3,58,0.0172413793103448
2012,1,1.3,56,0.0178571428571429
2013,0,1.3,57,0
2014,0,1.3,57,0
2015,1,1.3,58,0.0172413793103448
2016,3,1.3,60,0.05
2017,0,1.3,69,0
2018,1,1.3,62,0.0161290322580645
1969,0,1.35,32,0
1970,0,1.35,35,0
1971,0,1.35,44,0
1972,1,1.35,49,0.0204081632653061
1973,1,1.35,41,0.024390243902439
1974,1,1.35,45,0.0222222222222222
1975,1,1.35,36,0.0277777777777778
1976,0,1.35,33,0
1977,1,1.35,55,0.0181818181818182
1978,1,1.35,35,0.0285714285714286
1979,1,1.35,42,0.0238095238095238
1980,2,1.35,45,0.0444444444444444
1981,0,1.35,37,0
1982,1,1.35,38,0.0263157894736842
1983,0,1.35,35,0
1984,0,1.35,41,0
1985,1,1.35,55,0.0181818181818182
1986,0,1.35,47,0
1987,0,1.35,36,0
1988,0,1.35,36,0
1989,0,1.35,46,0
1990,2,1.35,51,0.0392156862745098
1991,1,1.35,43,0.0232558139534884
1992,3,1.35,45,0.0666666666666667
1993,1,1.35,44,0.0227272727272727
1994,1,1.35,38,0.0263157894736842
1995,1,1.35,47,0.0212765957446809
1996,1,1.35,38,0.0263157894736842
1997,3,1.35,36,0.0833333333333333
1998,2,1.35,52,0.0384615384615385
1999,1,1.35,49,0.0204081632653061
2000,2,1.35,52,0.0384615384615385
2001,3,1.35,67,0.0447761194029851
2002,1,1.35,46,0.0217391304347826
2003,0,1.35,44,0
2004,0,1.35,49,0
2005,1,1.35,44,0.0227272727272727
2006,0,1.35,50,0
2007,3,1.35,65,0.0461538461538462
2008,1,1.35,53,0.0188679245283019
2009,2,1.35,48,0.0416666666666667
2010,1,1.35,51,0.0196078431372549
2011,1,1.35,58,0.0172413793103448
2012,1,1.35,56,0.0178571428571429
2013,0,1.35,57,0
2014,0,1.35,57,0
2015,1,1.35,58,0.0172413793103448
2016,2,1.35,60,0.0333333333333333
2017,0,1.35,69,0
2018,1,1.35,62,0.0161290322580645
1969,0,1.4,32,0
1970,0,1.4,35,0
1971,0,1.4,44,0
1972,1,1.4,49,0.0204081632653061
1973,1,1.4,41,0.024390243902439
1974,0,1.4,45,0
1975,1,1.4,36,0.0277777777777778
1976,0,1.4,33,0
1977,1,1.4,55,0.0181818181818182
1978,1,1.4,35,0.0285714285714286
1979,1,1.4,42,0.0238095238095238
1980,2,1.4,45,0.0444444444444444
1981,0,1.4,37,0
1982,1,1.4,38,0.0263157894736842
1983,0,1.4,35,0
1984,0,1.4,41,0
1985,1,1.4,55,0.0181818181818182
1986,0,1.4,47,0
1987,0,1.4,36,0
1988,0,1.4,36,0
1989,0,1.4,46,0
1990,2,1.4,51,0.0392156862745098
1991,1,1.4,43,0.0232558139534884
1992,3,1.4,45,0.0666666666666667
1993,1,1.4,44,0.0227272727272727
1994,0,1.4,38,0
1995,1,1.4,47,0.0212765957446809
1996,1,1.4,38,0.0263157894736842
1997,3,1.4,36,0.0833333333333333
1998,2,1.4,52,0.0384615384615385
1999,1,1.4,49,0.0204081632653061
2000,2,1.4,52,0.0384615384615385
2001,3,1.4,67,0.0447761194029851
2002,1,1.4,46,0.0217391304347826
2003,0,1.4,44,0
2004,0,1.4,49,0
2005,1,1.4,44,0.0227272727272727
2006,0,1.4,50,0
2007,3,1.4,65,0.0461538461538462
2008,1,1.4,53,0.0188679245283019
2009,2,1.4,48,0.0416666666666667
2010,1,1.4,51,0.0196078431372549
2011,1,1.4,58,0.0172413793103448
2012,1,1.4,56,0.0178571428571429
2013,0,1.4,57,0
2014,0,1.4,57,0
2015,1,1.4,58,0.0172413793103448
2016,2,1.4,60,0.0333333333333333
2017,0,1.4,69,0
2018,0,1.4,62,0
1969,0,1.45,32,0
1970,0,1.45,35,0
1971,0,1.45,44,0
1972,1,1.45,49,0.0204081632653061
1973,1,1.45,41,0.024390243902439
1974,0,1.45,45,0
1975,1,1.45,36,0.0277777777777778
1976,0,1.45,33,0
1977,1,1.45,55,0.0181818181818182
1978,1,1.45,35,0.0285714285714286
1979,1,1.45,42,0.0238095238095238
1980,2,1.45,45,0.0444444444444444
1981,0,1.45,37,0
1982,1,1.45,38,0.0263157894736842
1983,0,1.45,35,0
1984,0,1.45,41,0
1985,1,1.45,55,0.0181818181818182
1986,0,1.45,47,0
1987,0,1.45,36,0
1988,0,1.45,36,0
1989,0,1.45,46,0
1990,2,1.45,51,0.0392156862745098
1991,1,1.45,43,0.0232558139534884
1992,3,1.45,45,0.0666666666666667
1993,1,1.45,44,0.0227272727272727
1994,0,1.45,38,0
1995,1,1.45,47,0.0212765957446809
1996,1,1.45,38,0.0263157894736842
1997,3,1.45,36,0.0833333333333333
1998,2,1.45,52,0.0384615384615385
1999,1,1.45,49,0.0204081632653061
2000,2,1.45,52,0.0384615384615385
2001,3,1.45,67,0.0447761194029851
2002,1,1.45,46,0.0217391304347826
2003,0,1.45,44,0
2004,0,1.45,49,0
2005,1,1.45,44,0.0227272727272727
2006,0,1.45,50,0
2007,3,1.45,65,0.0461538461538462
2008,1,1.45,53,0.0188679245283019
2009,2,1.45,48,0.0416666666666667
2010,1,1.45,51,0.0196078431372549
2011,1,1.45,58,0.0172413793103448
2012,1,1.45,56,0.0178571428571429
2013,0,1.45,57,0
2014,0,1.45,57,0
2015,1,1.45,58,0.0172413793103448
2016,2,1.45,60,0.0333333333333333
2017,0,1.45,69,0
2018,0,1.45,62,0
1969,0,1.5,32,0
1970,0,1.5,35,0
1971,0,1.5,44,0
1972,1,1.5,49,0.0204081632653061
1973,1,1.5,41,0.024390243902439
1974,0,1.5,45,0
1975,1,1.5,36,0.0277777777777778
1976,0,1.5,33,0
1977,1,1.5,55,0.0181818181818182
1978,1,1.5,35,0.0285714285714286
1979,1,1.5,42,0.0238095238095238
1980,2,1.5,45,0.0444444444444444
1981,0,1.5,37,0
1982,1,1.5,38,0.0263157894736842
1983,0,1.5,35,0
1984,0,1.5,41,0
1985,1,1.5,55,0.0181818181818182
1986,0,1.5,47,0
1987,0,1.5,36,0
1988,0,1.5,36,0
1989,0,1.5,46,0
1990,2,1.5,51,0.0392156862745098
1991,1,1.5,43,0.0232558139534884
1992,3,1.5,45,0.0666666666666667
1993,0,1.5,44,0
1994,0,1.5,38,0
1995,1,1.5,47,0.0212765957446809
1996,1,1.5,38,0.0263157894736842
1997,3,1.5,36,0.0833333333333333
1998,1,1.5,52,0.0192307692307692
1999,1,1.5,49,0.0204081632653061
2000,2,1.5,52,0.0384615384615385
2001,2,1.5,67,0.0298507462686567
2002,1,1.5,46,0.0217391304347826
2003,0,1.5,44,0
2004,0,1.5,49,0
2005,1,1.5,44,0.0227272727272727
2006,0,1.5,50,0
2007,3,1.5,65,0.0461538461538462
2008,1,1.5,53,0.0188679245283019
2009,2,1.5,48,0.0416666666666667
2010,0,1.5,51,0
2011,1,1.5,58,0.0172413793103448
2012,1,1.5,56,0.0178571428571429
2013,0,1.5,57,0
2014,0,1.5,57,0
2015,1,1.5,58,0.0172413793103448
2016,2,1.5,60,0.0333333333333333
2017,0,1.5,69,0
2018,0,1.5,62,0
1969,0,1.55,32,0
1970,0,1.55,35,0
1971,0,1.55,44,0
1972,1,1.55,49,0.0204081632653061
1973,0,1.55,41,0
1974,0,1.55,45,0
1975,1,1.55,36,0.0277777777777778
1976,0,1.55,33,0
1977,1,1.55,55,0.0181818181818182
1978,1,1.55,35,0.0285714285714286
1979,1,1.55,42,0.0238095238095238
1980,1,1.55,45,0.0222222222222222
1981,0,1.55,37,0
1982,1,1.55,38,0.0263157894736842
1983,0,1.55,35,0
1984,0,1.55,41,0
1985,1,1.55,55,0.0181818181818182
1986,0,1.55,47,0
1987,0,1.55,36,0
1988,0,1.55,36,0
1989,0,1.55,46,0
1990,2,1.55,51,0.0392156862745098
1991,1,1.55,43,0.0232558139534884
1992,3,1.55,45,0.0666666666666667
1993,0,1.55,44,0
1994,0,1.55,38,0
1995,1,1.55,47,0.0212765957446809
1996,1,1.55,38,0.0263157894736842
1997,3,1.55,36,0.0833333333333333
1998,1,1.55,52,0.0192307692307692
1999,1,1.55,49,0.0204081632653061
2000,2,1.55,52,0.0384615384615385
2001,2,1.55,67,0.0298507462686567
2002,0,1.55,46,0
2003,0,1.55,44,0
2004,0,1.55,49,0
2005,1,1.55,44,0.0227272727272727
2006,0,1.55,50,0
2007,3,1.55,65,0.0461538461538462
2008,1,1.55,53,0.0188679245283019
2009,2,1.55,48,0.0416666666666667
2010,0,1.55,51,0
2011,1,1.55,58,0.0172413793103448
2012,1,1.55,56,0.0178571428571429
2013,0,1.55,57,0
2014,0,1.55,57,0
2015,0,1.55,58,0
2016,2,1.55,60,0.0333333333333333
2017,0,1.55,69,0
2018,0,1.55,62,0
1969,0,1.6,32,0
1970,0,1.6,35,0
1971,0,1.6,44,0
1972,1,1.6,49,0.0204081632653061
1973,0,1.6,41,0
1974,0,1.6,45,0
1975,1,1.6,36,0.0277777777777778
1976,0,1.6,33,0
1977,1,1.6,55,0.0181818181818182
1978,1,1.6,35,0.0285714285714286
1979,1,1.6,42,0.0238095238095238
1980,1,1.6,45,0.0222222222222222
1981,0,1.6,37,0
1982,1,1.6,38,0.0263157894736842
1983,0,1.6,35,0
1984,0,1.6,41,0
1985,1,1.6,55,0.0181818181818182
1986,0,1.6,47,0
1987,0,1.6,36,0
1988,0,1.6,36,0
1989,0,1.6,46,0
1990,2,1.6,51,0.0392156862745098
1991,1,1.6,43,0.0232558139534884
1992,2,1.6,45,0.0444444444444444
1993,0,1.6,44,0
1994,0,1.6,38,0
1995,1,1.6,47,0.0212765957446809
1996,0,1.6,38,0
1997,1,1.6,36,0.0277777777777778
1998,1,1.6,52,0.0192307692307692
1999,1,1.6,49,0.0204081632653061
2000,2,1.6,52,0.0384615384615385
2001,2,1.6,67,0.0298507462686567
2002,0,1.6,46,0
2003,0,1.6,44,0
2004,0,1.6,49,0
2005,1,1.6,44,0.0227272727272727
2006,0,1.6,50,0
2007,3,1.6,65,0.0461538461538462
2008,1,1.6,53,0.0188679245283019
2009,2,1.6,48,0.0416666666666667
2010,0,1.6,51,0
2011,1,1.6,58,0.0172413793103448
2012,1,1.6,56,0.0178571428571429
2013,0,1.6,57,0
2014,0,1.6,57,0
2015,0,1.6,58,0
2016,2,1.6,60,0.0333333333333333
2017,0,1.6,69,0
2018,0,1.6,62,0
1969,0,1.65,32,0
1970,0,1.65,35,0
1971,0,1.65,44,0
1972,1,1.65,49,0.0204081632653061
1973,0,1.65,41,0
1974,0,1.65,45,0
1975,1,1.65,36,0.0277777777777778
1976,0,1.65,33,0
1977,0,1.65,55,0
1978,1,1.65,35,0.0285714285714286
1979,1,1.65,42,0.0238095238095238
1980,0,1.65,45,0
1981,0,1.65,37,0
1982,1,1.65,38,0.0263157894736842
1983,0,1.65,35,0
1984,0,1.65,41,0
1985,1,1.65,55,0.0181818181818182
1986,0,1.65,47,0
1987,0,1.65,36,0
1988,0,1.65,36,0
1989,0,1.65,46,0
1990,2,1.65,51,0.0392156862745098
1991,1,1.65,43,0.0232558139534884
1992,2,1.65,45,0.0444444444444444
1993,0,1.65,44,0
1994,0,1.65,38,0
1995,1,1.65,47,0.0212765957446809
1996,0,1.65,38,0
1997,1,1.65,36,0.0277777777777778
1998,1,1.65,52,0.0192307692307692
1999,1,1.65,49,0.0204081632653061
2000,2,1.65,52,0.0384615384615385
2001,2,1.65,67,0.0298507462686567
2002,0,1.65,46,0
2003,0,1.65,44,0
2004,0,1.65,49,0
2005,1,1.65,44,0.0227272727272727
2006,0,1.65,50,0
2007,2,1.65,65,0.0307692307692308
2008,1,1.65,53,0.0188679245283019
2009,1,1.65,48,0.0208333333333333
2010,0,1.65,51,0
2011,0,1.65,58,0
2012,1,1.65,56,0.0178571428571429
2013,0,1.65,57,0
2014,0,1.65,57,0
2015,0,1.65,58,0
2016,2,1.65,60,0.0333333333333333
2017,0,1.65,69,0
2018,0,1.65,62,0
1969,0,1.7,32,0
1970,0,1.7,35,0
1971,0,1.7,44,0
1972,1,1.7,49,0.0204081632653061
1973,0,1.7,41,0
1974,0,1.7,45,0
1975,1,1.7,36,0.0277777777777778
1976,0,1.7,33,0
1977,0,1.7,55,0
1978,1,1.7,35,0.0285714285714286
1979,1,1.7,42,0.0238095238095238
1980,0,1.7,45,0
1981,0,1.7,37,0
1982,1,1.7,38,0.0263157894736842
1983,0,1.7,35,0
1984,0,1.7,41,0
1985,1,1.7,55,0.0181818181818182
1986,0,1.7,47,0
1987,0,1.7,36,0
1988,0,1.7,36,0
1989,0,1.7,46,0
1990,2,1.7,51,0.0392156862745098
1991,1,1.7,43,0.0232558139534884
1992,2,1.7,45,0.0444444444444444
1993,0,1.7,44,0
1994,0,1.7,38,0
1995,1,1.7,47,0.0212765957446809
1996,0,1.7,38,0
1997,1,1.7,36,0.0277777777777778
1998,1,1.7,52,0.0192307692307692
1999,1,1.7,49,0.0204081632653061
2000,2,1.7,52,0.0384615384615385
2001,2,1.7,67,0.0298507462686567
2002,0,1.7,46,0
2003,0,1.7,44,0
2004,0,1.7,49,0
2005,0,1.7,44,0
2006,0,1.7,50,0
2007,2,1.7,65,0.0307692307692308
2008,1,1.7,53,0.0188679245283019
2009,1,1.7,48,0.0208333333333333
2010,0,1.7,51,0
2011,0,1.7,58,0
2012,0,1.7,56,0
2013,0,1.7,57,0
2014,0,1.7,57,0
2015,0,1.7,58,0
2016,2,1.7,60,0.0333333333333333
2017,0,1.7,69,0
2018,0,1.7,62,0
1969,0,1.75,32,0
1970,0,1.75,35,0
1971,0,1.75,44,0
1972,1,1.75,49,0.0204081632653061
1973,0,1.75,41,0
1974,0,1.75,45,0
1975,1,1.75,36,0.0277777777777778
1976,0,1.75,33,0
1977,0,1.75,55,0
1978,1,1.75,35,0.0285714285714286
1979,1,1.75,42,0.0238095238095238
1980,0,1.75,45,0
1981,0,1.75,37,0
1982,1,1.75,38,0.0263157894736842
1983,0,1.75,35,0
1984,0,1.75,41,0
1985,1,1.75,55,0.0181818181818182
1986,0,1.75,47,0
1987,0,1.75,36,0
1988,0,1.75,36,0
1989,0,1.75,46,0
1990,2,1.75,51,0.0392156862745098
1991,1,1.75,43,0.0232558139534884
1992,2,1.75,45,0.0444444444444444
1993,0,1.75,44,0
1994,0,1.75,38,0
1995,1,1.75,47,0.0212765957446809
1996,0,1.75,38,0
1997,1,1.75,36,0.0277777777777778
1998,1,1.75,52,0.0192307692307692
1999,1,1.75,49,0.0204081632653061
2000,2,1.75,52,0.0384615384615385
2001,2,1.75,67,0.0298507462686567
2002,0,1.75,46,0
2003,0,1.75,44,0
2004,0,1.75,49,0
2005,0,1.75,44,0
2006,0,1.75,50,0
2007,2,1.75,65,0.0307692307692308
2008,1,1.75,53,0.0188679245283019
2009,1,1.75,48,0.0208333333333333
2010,0,1.75,51,0
2011,0,1.75,58,0
2012,0,1.75,56,0
2013,0,1.75,57,0
2014,0,1.75,57,0
2015,0,1.75,58,0
2016,2,1.75,60,0.0333333333333333
2017,0,1.75,69,0
2018,0,1.75,62,0
1969,0,1.8,32,0
1970,0,1.8,35,0
1971,0,1.8,44,0
1972,1,1.8,49,0.0204081632653061
1973,0,1.8,41,0
1974,0,1.8,45,0
1975,1,1.8,36,0.0277777777777778
1976,0,1.8,33,0
1977,0,1.8,55,0
1978,1,1.8,35,0.0285714285714286
1979,1,1.8,42,0.0238095238095238
1980,0,1.8,45,0
1981,0,1.8,37,0
1982,1,1.8,38,0.0263157894736842
1983,0,1.8,35,0
1984,0,1.8,41,0
1985,1,1.8,55,0.0181818181818182
1986,0,1.8,47,0
1987,0,1.8,36,0
1988,0,1.8,36,0
1989,0,1.8,46,0
1990,2,1.8,51,0.0392156862745098
1991,1,1.8,43,0.0232558139534884
1992,1,1.8,45,0.0222222222222222
1993,0,1.8,44,0
1994,0,1.8,38,0
1995,1,1.8,47,0.0212765957446809
1996,0,1.8,38,0
1997,1,1.8,36,0.0277777777777778
1998,1,1.8,52,0.0192307692307692
1999,1,1.8,49,0.0204081632653061
2000,2,1.8,52,0.0384615384615385
2001,2,1.8,67,0.0298507462686567
2002,0,1.8,46,0
2003,0,1.8,44,0
2004,0,1.8,49,0
2005,0,1.8,44,0
2006,0,1.8,50,0
2007,2,1.8,65,0.0307692307692308
2008,1,1.8,53,0.0188679245283019
2009,1,1.8,48,0.0208333333333333
2010,0,1.8,51,0
2011,0,1.8,58,0
2012,0,1.8,56,0
2013,0,1.8,57,0
2014,0,1.8,57,0
2015,0,1.8,58,0
2016,2,1.8,60,0.0333333333333333
2017,0,1.8,69,0
2018,0,1.8,62,0
1969,0,1.85,32,0
1970,0,1.85,35,0
1971,0,1.85,44,0
1972,1,1.85,49,0.0204081632653061
1973,0,1.85,41,0
1974,0,1.85,45,0
1975,1,1.85,36,0.0277777777777778
1976,0,1.85,33,0
1977,0,1.85,55,0
1978,1,1.85,35,0.0285714285714286
1979,1,1.85,42,0.0238095238095238
1980,0,1.85,45,0
1981,0,1.85,37,0
1982,1,1.85,38,0.0263157894736842
1983,0,1.85,35,0
1984,0,1.85,41,0
1985,1,1.85,55,0.0181818181818182
1986,0,1.85,47,0
1987,0,1.85,36,0
1988,0,1.85,36,0
1989,0,1.85,46,0
1990,1,1.85,51,0.0196078431372549
1991,1,1.85,43,0.0232558139534884
1992,0,1.85,45,0
1993,0,1.85,44,0
1994,0,1.85,38,0
1995,1,1.85,47,0.0212765957446809
1996,0,1.85,38,0
1997,1,1.85,36,0.0277777777777778
1998,1,1.85,52,0.0192307692307692
1999,1,1.85,49,0.0204081632653061
2000,2,1.85,52,0.0384615384615385
2001,2,1.85,67,0.0298507462686567
2002,0,1.85,46,0
2003,0,1.85,44,0
2004,0,1.85,49,0
2005,0,1.85,44,0
2006,0,1.85,50,0
2007,2,1.85,65,0.0307692307692308
2008,1,1.85,53,0.0188679245283019
2009,0,1.85,48,0
2010,0,1.85,51,0
2011,0,1.85,58,0
2012,0,1.85,56,0
2013,0,1.85,57,0
2014,0,1.85,57,0
2015,0,1.85,58,0
2016,2,1.85,60,0.0333333333333333
2017,0,1.85,69,0
2018,0,1.85,62,0
1969,0,1.9,32,0
1970,0,1.9,35,0
1971,0,1.9,44,0
1972,1,1.9,49,0.0204081632653061
1973,0,1.9,41,0
1974,0,1.9,45,0
1975,1,1.9,36,0.0277777777777778
1976,0,1.9,33,0
1977,0,1.9,55,0
1978,1,1.9,35,0.0285714285714286
1979,1,1.9,42,0.0238095238095238
1980,0,1.9,45,0
1981,0,1.9,37,0
1982,1,1.9,38,0.0263157894736842
1983,0,1.9,35,0
1984,0,1.9,41,0
1985,1,1.9,55,0.0181818181818182
1986,0,1.9,47,0
1987,0,1.9,36,0
1988,0,1.9,36,0
1989,0,1.9,46,0
1990,1,1.9,51,0.0196078431372549
1991,1,1.9,43,0.0232558139534884
1992,0,1.9,45,0
1993,0,1.9,44,0
1994,0,1.9,38,0
1995,1,1.9,47,0.0212765957446809
1996,0,1.9,38,0
1997,1,1.9,36,0.0277777777777778
1998,1,1.9,52,0.0192307692307692
1999,1,1.9,49,0.0204081632653061
2000,2,1.9,52,0.0384615384615385
2001,2,1.9,67,0.0298507462686567
2002,0,1.9,46,0
2003,0,1.9,44,0
2004,0,1.9,49,0
2005,0,1.9,44,0
2006,0,1.9,50,0
2007,2,1.9,65,0.0307692307692308
2008,1,1.9,53,0.0188679245283019
2009,0,1.9,48,0
2010,0,1.9,51,0
2011,0,1.9,58,0
2012,0,1.9,56,0
2013,0,1.9,57,0
2014,0,1.9,57,0
2015,0,1.9,58,0
2016,2,1.9,60,0.0333333333333333
2017,0,1.9,69,0
2018,0,1.9,62,0
1969,0,1.95,32,0
1970,0,1.95,35,0
1971,0,1.95,44,0
1972,1,1.95,49,0.0204081632653061
1973,0,1.95,41,0
1974,0,1.95,45,0
1975,0,1.95,36,0
1976,0,1.95,33,0
1977,0,1.95,55,0
1978,1,1.95,35,0.0285714285714286
1979,1,1.95,42,0.0238095238095238
1980,0,1.95,45,0
1981,0,1.95,37,0
1982,1,1.95,38,0.0263157894736842
1983,0,1.95,35,0
1984,0,1.95,41,0
1985,1,1.95,55,0.0181818181818182
1986,0,1.95,47,0
1987,0,1.95,36,0
1988,0,1.95,36,0
1989,0,1.95,46,0
1990,1,1.95,51,0.0196078431372549
1991,1,1.95,43,0.0232558139534884
1992,0,1.95,45,0
1993,0,1.95,44,0
1994,0,1.95,38,0
1995,1,1.95,47,0.0212765957446809
1996,0,1.95,38,0
1997,1,1.95,36,0.0277777777777778
1998,1,1.95,52,0.0192307692307692
1999,1,1.95,49,0.0204081632653061
2000,2,1.95,52,0.0384615384615385
2001,2,1.95,67,0.0298507462686567
2002,0,1.95,46,0
2003,0,1.95,44,0
2004,0,1.95,49,0
2005,0,1.95,44,0
2006,0,1.95,50,0
2007,2,1.95,65,0.0307692307692308
2008,1,1.95,53,0.0188679245283019
2009,0,1.95,48,0
2010,0,1.95,51,0
2011,0,1.95,58,0
2012,0,1.95,56,0
2013,0,1.95,57,0
2014,0,1.95,57,0
2015,0,1.95,58,0
2016,2,1.95,60,0.0333333333333333
2017,0,1.95,69,0
2018,0,1.95,62,0
1969,0,2,32,0
1970,0,2,35,0
1971,0,2,44,0
1972,1,2,49,0.0204081632653061
1973,0,2,41,0
1974,0,2,45,0
1975,0,2,36,0
1976,0,2,33,0
1977,0,2,55,0
1978,1,2,35,0.0285714285714286
1979,1,2,42,0.0238095238095238
1980,0,2,45,0
1981,0,2,37,0
1982,1,2,38,0.0263157894736842
1983,0,2,35,0
1984,0,2,41,0
1985,1,2,55,0.0181818181818182
1986,0,2,47,0
1987,0,2,36,0
1988,0,2,36,0
1989,0,2,46,0
1990,1,2,51,0.0196078431372549
1991,1,2,43,0.0232558139534884
1992,0,2,45,0
1993,0,2,44,0
1994,0,2,38,0
1995,1,2,47,0.0212765957446809
1996,0,2,38,0
1997,1,2,36,0.0277777777777778
1998,0,2,52,0
1999,1,2,49,0.0204081632653061
2000,2,2,52,0.0384615384615385
2001,2,2,67,0.0298507462686567
2002,0,2,46,0
2003,0,2,44,0
2004,0,2,49,0
2005,0,2,44,0
2006,0,2,50,0
2007,2,2,65,0.0307692307692308
2008,1,2,53,0.0188679245283019
2009,0,2,48,0
2010,0,2,51,0
2011,0,2,58,0
2012,0,2,56,0
2013,0,2,57,0
2014,0,2,57,0
2015,0,2,58,0
2016,2,2,60,0.0333333333333333
2017,0,2,69,0
2018,0,2,62,0
